scale,anchor_p,seed,q_for_audit_only,candidate,is_q_for_audit_only,distance_from_seed,visible_open_index,visible_closed_before,distance_on_lambert_ladder,closed_prefix_on_lambert_ladder
1000000000000,999999999989,1000000000007,1000000000039,1000000000039,True,32,1,31,False,False
1000000000000,999999999961,999999999967,999999999989,999999999989,True,22,1,21,True,False
1000000000000,999999999863,999999999871,999999999877,999999999877,True,6,1,5,True,False
1000000000000,999999999767,999999999781,999999999847,999999999787,False,6,1,5,True,False
1000000000000,999999999767,999999999781,999999999847,999999999793,False,12,2,10,False,True
1000000000000,999999999767,999999999781,999999999847,999999999809,False,28,3,25,False,False
1000000000000,999999999767,999999999781,999999999847,999999999811,False,30,4,26,True,True
1000000000000,999999999767,999999999781,999999999847,999999999829,False,48,5,43,False,False
1000000000000,999999999767,999999999781,999999999847,999999999839,False,58,6,52,True,False
1000000000000,999999999767,999999999781,999999999847,999999999847,True,66,7,59,True,False
1000000000000,999999999707,999999999743,999999999767,999999999751,False,8,1,7,False,False
1000000000000,999999999707,999999999743,999999999767,999999999767,True,24,2,22,False,True
1000000000000,999999999617,999999999641,999999999673,999999999667,False,26,1,25,True,False
1000000000000,999999999617,999999999641,999999999673,999999999671,False,30,2,28,True,False
1000000000000,999999999617,999999999641,999999999673,999999999673,True,32,3,29,False,False
1000000000000,999999999577,999999999587,999999999589,999999999589,True,2,1,1,True,False
1000000000000,999999999529,999999999541,999999999571,999999999547,False,6,1,5,True,False
1000000000000,999999999529,999999999541,999999999571,999999999571,True,30,2,28,True,False
1000000000000,999999999391,999999999419,999999999457,999999999457,True,38,1,37,True,False
1000000000000,999999999331,999999999337,999999999359,999999999359,True,22,1,21,True,False
1000000000000,999999999287,999999999289,999999999293,999999999293,True,4,1,3,False,False
1000000000000,999999999161,999999999209,999999999247,999999999223,False,14,1,13,True,False
1000000000000,999999999161,999999999209,999999999247,999999999247,True,38,2,36,True,False
1000000000000,999999999143,999999999151,999999999161,999999999161,True,10,1,9,True,False
1000000000000,999999998867,999999998869,999999998939,999999998897,False,28,1,27,False,False
1000000000000,999999998867,999999998869,999999998939,999999998939,True,70,2,68,True,False
1000000000000,999999998801,999999998813,999999998821,999999998821,True,8,1,7,False,False
1000000000000,999999998611,999999998623,999999998713,999999998639,False,16,1,15,False,False
1000000000000,999999998611,999999998623,999999998713,999999998677,False,54,2,52,True,False
1000000000000,999999998611,999999998623,999999998713,999999998681,False,58,3,55,True,False
1000000000000,999999998611,999999998623,999999998713,999999998713,True,90,4,86,True,True
1000000000000,999999998533,999999998537,999999998567,999999998551,False,14,1,13,True,False
1000000000000,999999998533,999999998537,999999998567,999999998563,False,26,2,24,True,False
1000000000000,999999998533,999999998537,999999998567,999999998567,True,30,3,27,True,False
1000000000000,999999998513,999999998521,999999998527,999999998527,True,6,1,5,True,False
1000000000000,999999998461,999999998479,999999998497,999999998497,True,18,1,17,True,False
1000000000000,999999998401,999999998411,999999998429,999999998419,False,8,1,7,False,False
1000000000000,999999998401,999999998411,999999998429,999999998429,True,18,2,16,True,False
1000000000000,999999998311,999999998381,999999998399,999999998399,True,18,1,17,True,False
1000000000000,999999998237,999999998243,999999998281,999999998279,False,36,1,35,False,False
1000000000000,999999998237,999999998243,999999998281,999999998281,True,38,2,36,True,False
1000000000000,999999998227,999999998233,999999998237,999999998237,True,4,1,3,False,False
1000000000000,999999998203,999999998209,999999998227,999999998227,True,18,1,17,True,False
1000000000000,999999998183,999999998189,999999998191,999999998191,True,2,1,1,True,False
1000000000000,999999998069,999999998089,999999998141,999999998099,False,10,1,9,True,False
1000000000000,999999998069,999999998089,999999998141,999999998141,True,52,2,50,False,True
1000000000000,999999998021,999999998027,999999998047,999999998033,False,6,1,5,True,False
1000000000000,999999998021,999999998027,999999998047,999999998047,True,20,2,18,False,True
1000000000000,999999997939,999999997949,999999998021,999999997951,False,2,1,1,True,False
1000000000000,999999997939,999999997949,999999998021,999999997967,False,18,2,16,True,False
1000000000000,999999997939,999999997949,999999998021,999999997991,False,42,3,39,True,False
1000000000000,999999997939,999999997949,999999998021,999999998021,True,72,4,68,False,False
1000000000000,999999997831,999999997849,999999997907,999999997861,False,12,1,11,False,False
1000000000000,999999997831,999999997849,999999997907,999999997877,False,28,2,26,False,True
1000000000000,999999997831,999999997849,999999997907,999999997883,False,34,3,31,True,False
1000000000000,999999997831,999999997849,999999997907,999999997889,False,40,4,36,False,False
1000000000000,999999997831,999999997849,999999997907,999999997907,True,58,5,53,True,False
1000000000000,999999997679,999999997699,999999997721,999999997721,True,22,1,21,True,False
1000000000000,999999997589,999999997597,999999997603,999999997603,True,6,1,5,True,False
1000000000000,999999997517,999999997553,999999997589,999999997567,False,14,1,13,True,False
1000000000000,999999997517,999999997553,999999997589,999999997589,True,36,2,34,False,True
1000000000000,999999997459,999999997463,999999997517,999999997487,False,24,1,23,False,False
1000000000000,999999997459,999999997463,999999997517,999999997501,False,38,2,36,True,False
1000000000000,999999997459,999999997463,999999997517,999999997511,False,48,3,45,False,False
1000000000000,999999997459,999999997463,999999997517,999999997517,True,54,4,50,True,True
1000000000000,999999997433,999999997439,999999997459,999999997453,False,14,1,13,True,False
1000000000000,999999997433,999999997439,999999997459,999999997459,True,20,2,18,False,True
1000000000000,999999997397,999999997429,999999997433,999999997433,True,4,1,3,False,False
1000000000000,999999997391,999999997393,999999997397,999999997397,True,4,1,3,False,False
1000000000000,999999997343,999999997351,999999997391,999999997363,False,12,1,11,False,False
1000000000000,999999997343,999999997351,999999997391,999999997379,False,28,2,26,False,True
1000000000000,999999997343,999999997351,999999997391,999999997391,True,40,3,37,False,False
1000000000000,999999997277,999999997307,999999997327,999999997327,True,20,1,19,False,False
1000000000000,999999997201,999999997223,999999997259,999999997253,False,30,1,29,True,False
1000000000000,999999997201,999999997223,999999997259,999999997259,True,36,2,34,False,True
1000000000000,999999997163,999999997189,999999997201,999999997201,True,12,1,11,False,False
1000000000000,999999997147,999999997151,999999997163,999999997163,True,12,1,11,False,False
1000000000000,999999997103,999999997121,999999997147,999999997133,False,12,1,11,False,False
1000000000000,999999997103,999999997121,999999997147,999999997147,True,26,2,24,True,False
1000000000000,999999997013,999999997093,999999997103,999999997099,False,6,1,5,True,False
1000000000000,999999997013,999999997093,999999997103,999999997103,True,10,2,8,True,False
1000000000000,999999996901,999999996949,999999996977,999999996977,True,28,1,27,False,False
1000000000000,999999996881,999999996887,999999996889,999999996889,True,2,1,1,True,False
1000000000000,999999996823,999999996833,999999996881,999999996871,False,38,1,37,True,False
1000000000000,999999996823,999999996833,999999996881,999999996881,True,48,2,46,False,True
1000000000000,999999996701,999999996727,999999996739,999999996739,True,12,1,11,False,False
1000000000000,999999996581,999999996599,999999996601,999999996601,True,2,1,1,True,False
1000000000000,999999996473,999999996511,999999996581,999999996533,False,22,1,21,True,False
1000000000000,999999996473,999999996511,999999996581,999999996581,True,70,2,68,True,False
1000000000000,999999996371,999999996419,999999996449,999999996449,True,30,1,29,True,False
1000000000000,999999996211,999999996217,999999996223,999999996223,True,6,1,5,True,False
1000000000000,999999996137,999999996173,999999996197,999999996197,True,24,1,23,False,False
1000000000000,999999996097,999999996133,999999996137,999999996137,True,4,1,3,False,False
1000000000000,999999995993,999999996011,999999996097,999999996019,False,8,1,7,False,False
1000000000000,999999995993,999999996011,999999996097,999999996071,False,60,2,58,False,True
1000000000000,999999995993,999999996011,999999996097,999999996089,False,78,3,75,True,False
1000000000000,999999995993,999999996011,999999996097,999999996091,False,80,4,76,False,False
1000000000000,999999995993,999999996011,999999996097,999999996097,True,86,5,81,True,False
1000000000000,999999995899,999999995909,999999995933,999999995933,True,24,1,23,False,False
1000000000000,999999995773,999999995837,999999995857,999999995857,True,20,1,19,False,False
1000000000000,999999995653,999999995681,999999995711,999999995689,False,8,1,7,False,False
1000000000000,999999995653,999999995681,999999995711,999999995693,False,12,2,10,False,True
1000000000000,999999995653,999999995681,999999995711,999999995711,True,30,3,27,True,False
1000000000000,999999995581,999999995591,999999995653,999999995609,False,18,1,17,True,False
1000000000000,999999995581,999999995591,999999995653,999999995629,False,38,2,36,True,False
1000000000000,999999995581,999999995591,999999995653,999999995639,False,48,3,45,False,False
1000000000000,999999995581,999999995591,999999995653,999999995641,False,50,4,46,True,True
1000000000000,999999995581,999999995591,999999995653,999999995653,True,62,5,57,True,False
1000000000000,999999995537,999999995539,999999995573,999999995549,False,10,1,9,True,False
1000000000000,999999995537,999999995539,999999995573,999999995573,True,34,2,32,True,False
1000000000000,999999995497,999999995521,999999995537,999999995537,True,16,1,15,False,False
1000000000000,999999995429,999999995441,999999995461,999999995461,True,20,1,19,False,False
1000000000000,999999995383,999999995389,999999995413,999999995413,True,24,1,23,False,False
1000000000000,999999995237,999999995257,999999995299,999999995299,True,42,1,41,True,False
1000000000000,999999995207,999999995233,999999995237,999999995237,True,4,1,3,False,False
1000000000000,999999995177,999999995201,999999995207,999999995207,True,6,1,5,True,False
1000000000000,999999995147,999999995149,999999995177,999999995171,False,22,1,21,True,False
1000000000000,999999995147,999999995149,999999995177,999999995177,True,28,2,26,False,True
1000000000000,999999995131,999999995143,999999995147,999999995147,True,4,1,3,False,False
1000000000000,999999994909,999999994919,999999994937,999999994937,True,18,1,17,True,False
1000000000000,999999994897,999999994907,999999994909,999999994909,True,2,1,1,True,False
1000000000000,999999994823,999999994871,999999994897,999999994897,True,26,1,25,True,False
1000000000000,999999994781,999999994783,999999994793,999999994793,True,10,1,9,True,False
1000000000000,999999994769,999999994771,999999994781,999999994781,True,10,1,9,True,False
1000000000000,999999994729,999999994753,999999994769,999999994769,True,16,1,15,False,False
1000000000000,999999994687,999999994723,999999994729,999999994729,True,6,1,5,True,False
1000000000000,999999994639,999999994661,999999994687,999999994687,True,26,1,25,True,False
1000000000000,999999994583,999999994601,999999994603,999999994603,True,2,1,1,True,False
1000000000000,999999994517,999999994531,999999994579,999999994549,False,18,1,17,True,False
1000000000000,999999994517,999999994531,999999994579,999999994579,True,48,2,46,False,True
1000000000000,999999994471,999999994481,999999994493,999999994493,True,12,1,11,False,False
1000000000000,999999994457,999999994459,999999994463,999999994463,True,4,1,3,False,False
1000000000000,999999994379,999999994381,999999994403,999999994387,False,6,1,5,True,False
1000000000000,999999994379,999999994381,999999994403,999999994403,True,22,2,20,True,False
1000000000000,999999994361,999999994363,999999994379,999999994379,True,16,1,15,False,False
1000000000000,999999994319,999999994339,999999994361,999999994351,False,12,1,11,False,False
1000000000000,999999994319,999999994339,999999994361,999999994361,True,22,2,20,True,False
1000000000000,999999994127,999999994159,999999994163,999999994163,True,4,1,3,False,False
1000000000000,999999994087,999999994111,999999994117,999999994117,True,6,1,5,True,False
1000000000000,999999994009,999999994043,999999994087,999999994051,False,8,1,7,False,False
1000000000000,999999994009,999999994043,999999994087,999999994061,False,18,2,16,True,False
1000000000000,999999994009,999999994043,999999994087,999999994087,True,44,3,41,False,False
1000000000000,999999993929,999999993953,999999994009,999999993983,False,30,1,29,True,False
1000000000000,999999993929,999999993953,999999994009,999999993991,False,38,2,36,True,False
1000000000000,999999993929,999999993953,999999994009,999999994009,True,56,3,53,False,False
1000000000000,999999993871,999999993877,999999993899,999999993887,False,10,1,9,True,False
1000000000000,999999993871,999999993877,999999993899,999999993893,False,16,2,14,False,True
1000000000000,999999993871,999999993877,999999993899,999999993899,True,22,3,19,True,False
1000000000000,999999993793,999999993841,999999993847,999999993847,True,6,1,5,True,False
1000000000000,999999993749,999999993757,999999993763,999999993763,True,6,1,5,True,False
1000000000000,999999993653,999999993689,999999993749,999999993691,False,2,1,1,True,False
1000000000000,999999993653,999999993689,999999993749,999999993739,False,50,2,48,True,False
1000000000000,999999993653,999999993689,999999993749,999999993749,True,60,3,57,False,False
1000000000000,999999993481,999999993523,999999993557,999999993557,True,34,1,33,True,False
1000000000000,999999993389,999999993437,999999993467,999999993467,True,30,1,29,True,False
1000000000000,999999993361,999999993371,999999993389,999999993373,False,2,1,1,True,False
1000000000000,999999993361,999999993371,999999993389,999999993389,True,18,2,16,True,False
1000000000000,999999993287,999999993301,999999993361,999999993337,False,36,1,35,False,False
1000000000000,999999993287,999999993301,999999993361,999999993361,True,60,2,58,False,True
1000000000000,999999993259,999999993263,999999993287,999999993287,True,24,1,23,False,False
1000000000000,999999992977,999999992987,999999993029,999999993029,True,42,1,41,True,False
1000000000000,999999992941,999999992947,999999992977,999999992977,True,30,1,29,True,False
1000000000000,999999992843,999999992911,999999992941,999999992917,False,6,1,5,True,False
1000000000000,999999992843,999999992911,999999992941,999999992941,True,30,2,28,True,False
1000000000000,999999992743,999999992749,999999992843,999999992801,False,52,1,51,False,False
1000000000000,999999992743,999999992749,999999992843,999999992833,False,84,2,82,False,True
1000000000000,999999992743,999999992749,999999992843,999999992837,False,88,3,85,False,False
1000000000000,999999992743,999999992749,999999992843,999999992843,True,94,4,90,True,True
1000000000000,999999992647,999999992653,999999992731,999999992681,False,28,1,27,False,False
1000000000000,999999992647,999999992653,999999992731,999999992687,False,34,2,32,True,False
1000000000000,999999992647,999999992653,999999992731,999999992713,False,60,3,57,False,False
1000000000000,999999992647,999999992653,999999992731,999999992731,True,78,4,74,True,True
1000000000000,999999992539,999999992567,999999992611,999999992569,False,2,1,1,True,False
1000000000000,999999992539,999999992567,999999992611,999999992611,True,44,2,42,False,True
1000000000000,999999992447,999999992461,999999992531,999999992471,False,10,1,9,True,False
1000000000000,999999992447,999999992461,999999992531,999999992491,False,30,2,28,True,False
1000000000000,999999992447,999999992461,999999992531,999999992531,True,70,3,67,True,False
1000000000000000,999999999999989,1000000000000003,1000000000000037,1000000000000021,False,18,1,17,True,False
1000000000000000,999999999999989,1000000000000003,1000000000000037,1000000000000033,False,30,2,28,True,False
1000000000000000,999999999999989,1000000000000003,1000000000000037,1000000000000037,True,34,3,31,True,False
1000000000000000,999999999999947,999999999999967,999999999999989,999999999999989,True,22,1,21,True,False
1000000000000000,999999999999883,999999999999893,999999999999947,999999999999907,False,14,1,13,True,False
1000000000000000,999999999999883,999999999999893,999999999999947,999999999999947,True,54,2,52,True,False
1000000000000000,999999999999877,999999999999881,999999999999883,999999999999883,True,2,1,1,True,False
1000000000000000,999999999999827,999999999999839,999999999999877,999999999999853,False,14,1,13,True,False
1000000000000000,999999999999827,999999999999839,999999999999877,999999999999877,True,38,2,36,True,False
1000000000000000,999999999999809,999999999999817,999999999999827,999999999999827,True,10,1,9,True,False
1000000000000000,999999999999577,999999999999599,999999999999643,999999999999617,False,18,1,17,True,False
1000000000000000,999999999999577,999999999999599,999999999999643,999999999999619,False,20,2,18,False,True
1000000000000000,999999999999577,999999999999599,999999999999643,999999999999643,True,44,3,41,False,False
1000000000000000,999999999999521,999999999999551,999999999999571,999999999999571,True,20,1,19,False,False
1000000000000000,999999999999409,999999999999421,999999999999491,999999999999431,False,10,1,9,True,False
1000000000000000,999999999999409,999999999999421,999999999999491,999999999999439,False,18,2,16,True,False
1000000000000000,999999999999409,999999999999421,999999999999491,999999999999449,False,28,3,25,False,False
1000000000000000,999999999999409,999999999999421,999999999999491,999999999999491,True,70,4,66,True,True
1000000000000000,999999999999353,999999999999361,999999999999389,999999999999367,False,6,1,5,True,False
1000000000000000,999999999999353,999999999999361,999999999999389,999999999999389,True,28,2,26,False,True
1000000000000000,999999999999283,999999999999307,999999999999353,999999999999311,False,4,1,3,False,False
1000000000000000,999999999999283,999999999999307,999999999999353,999999999999331,False,24,2,22,False,True
1000000000000000,999999999999283,999999999999307,999999999999353,999999999999353,True,46,3,43,True,False
1000000000000000,999999999999199,999999999999271,999999999999283,999999999999277,False,6,1,5,True,False
1000000000000000,999999999999199,999999999999271,999999999999283,999999999999283,True,12,2,10,False,True
1000000000000000,999999999999163,999999999999191,999999999999199,999999999999199,True,8,1,7,False,False
1000000000000000,999999999999109,999999999999113,999999999999163,999999999999127,False,14,1,13,True,False
1000000000000000,999999999999109,999999999999113,999999999999163,999999999999149,False,36,2,34,False,True
1000000000000000,999999999999109,999999999999113,999999999999163,999999999999163,True,50,3,47,True,False
1000000000000000,999999999999071,999999999999079,999999999999089,999999999999089,True,10,1,9,True,False
1000000000000000,999999999998939,999999999998953,999999999999043,999999999999001,False,48,1,47,False,False
1000000000000000,999999999998939,999999999998953,999999999999043,999999999999043,True,90,2,88,True,False
1000000000000000,999999999998803,999999999998807,999999999998861,999999999998861,True,54,1,53,True,False
1000000000000000,999999999998761,999999999998771,999999999998803,999999999998773,False,2,1,1,True,False
1000000000000000,999999999998761,999999999998771,999999999998803,999999999998803,True,32,2,30,False,True
1000000000000000,999999999998743,999999999998749,999999999998761,999999999998761,True,12,1,11,False,False
1000000000000000,999999999998711,999999999998723,999999999998729,999999999998729,True,6,1,5,True,False
1000000000000000,999999999998627,999999999998641,999999999998711,999999999998653,False,12,1,11,False,False
1000000000000000,999999999998627,999999999998641,999999999998711,999999999998683,False,42,2,40,True,False
1000000000000000,999999999998627,999999999998641,999999999998711,999999999998689,False,48,3,45,False,False
1000000000000000,999999999998627,999999999998641,999999999998711,999999999998711,True,70,4,66,True,True
1000000000000000,999999999998563,999999999998579,999999999998581,999999999998581,True,2,1,1,True,False
1000000000000000,999999999998533,999999999998537,999999999998563,999999999998563,True,26,1,25,True,False
1000000000000000,999999999998437,999999999998459,999999999998533,999999999998497,False,38,1,37,True,False
1000000000000000,999999999998437,999999999998459,999999999998533,999999999998521,False,62,2,60,True,False
1000000000000000,999999999998437,999999999998459,999999999998533,999999999998533,True,74,3,71,True,False
1000000000000000,999999999998411,999999999998423,999999999998437,999999999998437,True,14,1,13,True,False
1000000000000000,999999999998353,999999999998369,999999999998383,999999999998383,True,14,1,13,True,False
1000000000000000,999999999998267,999999999998269,999999999998353,999999999998273,False,4,1,3,False,False
1000000000000000,999999999998267,999999999998269,999999999998353,999999999998291,False,22,2,20,True,False
1000000000000000,999999999998267,999999999998269,999999999998353,999999999998347,False,78,3,75,True,False
1000000000000000,999999999998267,999999999998269,999999999998353,999999999998353,True,84,4,80,False,False
1000000000000000,999999999998231,999999999998243,999999999998267,999999999998267,True,24,1,23,False,False
1000000000000000,999999999998161,999999999998177,999999999998231,999999999998231,True,54,1,53,True,False
1000000000000000,999999999998141,999999999998143,999999999998161,999999999998147,False,4,1,3,False,False
1000000000000000,999999999998141,999999999998143,999999999998161,999999999998161,True,18,2,16,True,False
1000000000000000,999999999998053,999999999998089,999999999998141,999999999998107,False,18,1,17,True,False
1000000000000000,999999999998053,999999999998089,999999999998141,999999999998137,False,48,2,46,False,True
1000000000000000,999999999998053,999999999998089,999999999998141,999999999998141,True,52,3,49,False,False
1000000000000000,999999999998039,999999999998047,999999999998053,999999999998053,True,6,1,5,True,False
1000000000000000,999999999998003,999999999998011,999999999998039,999999999998039,True,28,1,27,False,False
1000000000000000,999999999997969,999999999997981,999999999997993,999999999997993,True,12,1,11,False,False
1000000000000000,999999999997841,999999999997919,999999999997967,999999999997961,False,42,1,41,True,False
1000000000000000,999999999997841,999999999997919,999999999997967,999999999997967,True,48,2,46,False,True
1000000000000000,999999999997771,999999999997781,999999999997811,999999999997783,False,2,1,1,True,False
1000000000000000,999999999997771,999999999997781,999999999997811,999999999997811,True,30,2,28,True,False
1000000000000000,999999999997729,999999999997753,999999999997771,999999999997771,True,18,1,17,True,False
1000000000000000,999999999997699,999999999997711,999999999997729,999999999997729,True,18,1,17,True,False
1000000000000000,999999999997613,999999999997667,999999999997697,999999999997679,False,12,1,11,False,False
1000000000000000,999999999997613,999999999997667,999999999997697,999999999997697,True,30,2,28,True,False
1000000000000000,999999999997573,999999999997577,999999999997613,999999999997613,True,36,1,35,False,False
1000000000000000,999999999997517,999999999997543,999999999997573,999999999997553,False,10,1,9,True,False
1000000000000000,999999999997517,999999999997543,999999999997573,999999999997573,True,30,2,28,True,False
1000000000000000,999999999997337,999999999997367,999999999997463,999999999997381,False,14,1,13,True,False
1000000000000000,999999999997337,999999999997367,999999999997463,999999999997391,False,24,2,22,False,True
1000000000000000,999999999997337,999999999997367,999999999997463,999999999997403,False,36,3,33,False,False
1000000000000000,999999999997337,999999999997367,999999999997463,999999999997441,False,74,4,70,True,True
1000000000000000,999999999997337,999999999997367,999999999997463,999999999997463,True,96,5,91,False,False
1000000000000000,999999999997307,999999999997321,999999999997337,999999999997337,True,16,1,15,False,False
1000000000000000,999999999997099,999999999997121,999999999997153,999999999997127,False,6,1,5,True,False
1000000000000000,999999999997099,999999999997121,999999999997153,999999999997133,False,12,2,10,False,True
1000000000000000,999999999997099,999999999997121,999999999997153,999999999997153,True,32,3,29,False,False
1000000000000000,999999999997043,999999999997049,999999999997087,999999999997069,False,20,1,19,False,False
1000000000000000,999999999997043,999999999997049,999999999997087,999999999997087,True,38,2,36,True,False
1000000000000000,999999999997003,999999999997007,999999999997043,999999999997021,False,14,1,13,True,False
1000000000000000,999999999997003,999999999997007,999999999997043,999999999997043,True,36,2,34,False,True
1000000000000000,999999999996869,999999999996871,999999999996983,999999999996887,False,16,1,15,False,False
1000000000000000,999999999996869,999999999996871,999999999996983,999999999996923,False,52,2,50,False,True
1000000000000000,999999999996869,999999999996871,999999999996983,999999999996941,False,70,3,67,True,False
1000000000000000,999999999996869,999999999996871,999999999996983,999999999996983,True,112,4,108,False,False
1000000000000000,999999999996493,999999999996533,999999999996583,999999999996539,False,6,1,5,True,False
1000000000000000,999999999996493,999999999996533,999999999996583,999999999996551,False,18,2,16,True,False
1000000000000000,999999999996493,999999999996533,999999999996583,999999999996563,False,30,3,27,True,False
1000000000000000,999999999996493,999999999996533,999999999996583,999999999996583,True,50,4,46,True,True
1000000000000000,999999999996313,999999999996359,999999999996409,999999999996379,False,20,1,19,False,False
1000000000000000,999999999996313,999999999996359,999999999996409,999999999996397,False,38,2,36,True,False
1000000000000000,999999999996313,999999999996359,999999999996409,999999999996409,True,50,3,47,True,False
1000000000000000,999999999996293,999999999996307,999999999996311,999999999996311,True,4,1,3,False,False
1000000000000000,999999999996181,999999999996199,999999999996253,999999999996253,True,54,1,53,True,False
1000000000000000,999999999996149,999999999996161,999999999996181,999999999996181,True,20,1,19,False,False
1000000000000000,999999999996083,999999999996089,999999999996149,999999999996091,False,2,1,1,True,False
1000000000000000,999999999996083,999999999996089,999999999996149,999999999996121,False,32,2,30,False,True
1000000000000000,999999999996083,999999999996089,999999999996149,999999999996139,False,50,3,47,True,False
1000000000000000,999999999996083,999999999996089,999999999996149,999999999996143,False,54,4,50,True,True
1000000000000000,999999999996083,999999999996089,999999999996149,999999999996149,True,60,5,55,False,False
1000000000000000,999999999995879,999999999995897,999999999995911,999999999995903,False,6,1,5,True,False
1000000000000000,999999999995879,999999999995897,999999999995911,999999999995911,True,14,2,12,True,False
1000000000000000,999999999995851,999999999995861,999999999995879,999999999995879,True,18,1,17,True,False
1000000000000000,999999999995743,999999999995761,999999999995797,999999999995791,False,30,1,29,True,False
1000000000000000,999999999995743,999999999995761,999999999995797,999999999995797,True,36,2,34,False,True
1000000000000000,999999999995629,999999999995651,999999999995669,999999999995669,True,18,1,17,True,False
1000000000000000,999999999995587,999999999995593,999999999995627,999999999995599,False,6,1,5,True,False
1000000000000000,999999999995587,999999999995593,999999999995627,999999999995617,False,24,2,22,False,True
1000000000000000,999999999995587,999999999995593,999999999995627,999999999995627,True,34,3,31,True,False
1000000000000000,999999999995539,999999999995543,999999999995567,999999999995567,True,24,1,23,False,False
1000000000000000,999999999995471,999999999995509,999999999995539,999999999995531,False,22,1,21,True,False
1000000000000000,999999999995471,999999999995509,999999999995539,999999999995537,False,28,2,26,False,True
1000000000000000,999999999995471,999999999995509,999999999995539,999999999995539,True,30,3,27,True,False
1000000000000000,999999999995453,999999999995461,999999999995471,999999999995471,True,10,1,9,True,False
1000000000000000,999999999995393,999999999995431,999999999995453,999999999995443,False,12,1,11,False,False
1000000000000000,999999999995393,999999999995431,999999999995453,999999999995453,True,22,2,20,True,False
1000000000000000,999999999995371,999999999995389,999999999995393,999999999995393,True,4,1,3,False,False
1000000000000000,999999999995357,999999999995369,999999999995371,999999999995371,True,2,1,1,True,False
1000000000000000,999999999995327,999999999995329,999999999995357,999999999995357,True,28,1,27,False,False
1000000000000000,999999999995273,999999999995281,999999999995327,999999999995309,False,28,1,27,False,False
1000000000000000,999999999995273,999999999995281,999999999995327,999999999995323,False,42,2,40,True,False
1000000000000000,999999999995273,999999999995281,999999999995327,999999999995327,True,46,3,43,True,False
1000000000000000,999999999995179,999999999995197,999999999995273,999999999995207,False,10,1,9,True,False
1000000000000000,999999999995179,999999999995197,999999999995273,999999999995267,False,70,2,68,True,False
1000000000000000,999999999995179,999999999995197,999999999995273,999999999995273,True,76,3,73,False,False
1000000000000000,999999999995089,999999999995123,999999999995179,999999999995159,False,36,1,35,False,False
1000000000000000,999999999995089,999999999995123,999999999995179,999999999995179,True,56,2,54,False,True
1000000000000000,999999999995021,999999999995047,999999999995069,999999999995057,False,10,1,9,True,False
1000000000000000,999999999995021,999999999995047,999999999995069,999999999995069,True,22,2,20,True,False
1000000000000000,999999999994991,999999999995011,999999999995021,999999999995021,True,10,1,9,True,False
1000000000000000,999999999994901,999999999994913,999999999994991,999999999994921,False,8,1,7,False,False
1000000000000000,999999999994901,999999999994913,999999999994991,999999999994943,False,30,2,28,True,False
1000000000000000,999999999994901,999999999994913,999999999994991,999999999994979,False,66,3,63,True,False
1000000000000000,999999999994901,999999999994913,999999999994991,999999999994991,True,78,4,74,True,True
1000000000000000,999999999994829,999999999994841,999999999994873,999999999994861,False,20,1,19,False,False
1000000000000000,999999999994829,999999999994841,999999999994873,999999999994873,True,32,2,30,False,True
1000000000000000,999999999994813,999999999994823,999999999994829,999999999994829,True,6,1,5,True,False
1000000000000000,999999999994733,999999999994739,999999999994789,999999999994753,False,14,1,13,True,False
1000000000000000,999999999994733,999999999994739,999999999994789,999999999994783,False,44,2,42,False,True
1000000000000000,999999999994733,999999999994739,999999999994789,999999999994789,True,50,3,47,True,False
1000000000000000,999999999994687,999999999994711,999999999994727,999999999994727,True,16,1,15,False,False
1000000000000000,999999999994601,999999999994621,999999999994627,999999999994627,True,6,1,5,True,False
1000000000000000,999999999994511,999999999994519,999999999994537,999999999994537,True,18,1,17,True,False
1000000000000000,999999999994477,999999999994507,999999999994511,999999999994511,True,4,1,3,False,False
1000000000000000,999999999994451,999999999994453,999999999994477,999999999994459,False,6,1,5,True,False
1000000000000000,999999999994451,999999999994453,999999999994477,999999999994469,False,16,2,14,False,True
1000000000000000,999999999994451,999999999994453,999999999994477,999999999994477,True,24,3,21,False,False
1000000000000000,999999999994417,999999999994439,999999999994451,999999999994451,True,12,1,11,False,False
1000000000000000,999999999994379,999999999994381,999999999994417,999999999994393,False,12,1,11,False,False
1000000000000000,999999999994379,999999999994381,999999999994417,999999999994403,False,22,2,20,True,False
1000000000000000,999999999994379,999999999994381,999999999994417,999999999994409,False,28,3,25,False,False
1000000000000000,999999999994379,999999999994381,999999999994417,999999999994417,True,36,4,32,False,False
1000000000000000,999999999994319,999999999994339,999999999994379,999999999994379,True,40,1,39,False,False
1000000000000000,999999999994267,999999999994279,999999999994309,999999999994309,True,30,1,29,True,False
1000000000000000,999999999994213,999999999994241,999999999994243,999999999994243,True,2,1,1,True,False
1000000000000000,999999999994129,999999999994169,999999999994207,999999999994189,False,20,1,19,False,False
1000000000000000,999999999994129,999999999994169,999999999994207,999999999994207,True,38,2,36,True,False
1000000000000000,999999999994103,999999999994111,999999999994117,999999999994117,True,6,1,5,True,False
1000000000000000,999999999994063,999999999994067,999999999994103,999999999994081,False,14,1,13,True,False
1000000000000000,999999999994063,999999999994067,999999999994103,999999999994091,False,24,2,22,False,True
1000000000000000,999999999994063,999999999994067,999999999994103,999999999994103,True,36,3,33,False,False
1000000000000000,999999999993977,999999999993983,999999999994043,999999999994027,False,44,1,43,False,False
1000000000000000,999999999993977,999999999993983,999999999994043,999999999994031,False,48,2,46,False,True
1000000000000000,999999999993977,999999999993983,999999999994043,999999999994043,True,60,3,57,False,False
1000000000000000,999999999993937,999999999993961,999999999993971,999999999993971,True,10,1,9,True,False
1000000000000000,999999999993791,999999999993809,999999999993881,999999999993881,True,72,1,71,False,False
1000000000000000,999999999993727,999999999993733,999999999993791,999999999993791,True,58,1,57,True,False
1000000000000000,999999999993653,999999999993677,999999999993689,999999999993689,True,12,1,11,False,False
1000000000000000,999999999993629,999999999993637,999999999993649,999999999993649,True,12,1,11,False,False
1000000000000000,999999999993583,999999999993607,999999999993629,999999999993629,True,22,1,21,True,False
1000000000000000,999999999993557,999999999993563,999999999993569,999999999993569,True,6,1,5,True,False
1000000000000000,999999999993497,999999999993539,999999999993557,999999999993557,True,18,1,17,True,False
1000000000000000,999999999993473,999999999993479,999999999993497,999999999993493,False,14,1,13,True,False
1000000000000000,999999999993473,999999999993479,999999999993497,999999999993497,True,18,2,16,True,False
1000000000000000,999999999993389,999999999993433,999999999993473,999999999993469,False,36,1,35,False,False
1000000000000000,999999999993389,999999999993433,999999999993473,999999999993473,True,40,2,38,False,True
1000000000000000,999999999993331,999999999993349,999999999993377,999999999993377,True,28,1,27,False,False
1000000000000000,999999999993227,999999999993229,999999999993331,999999999993251,False,22,1,21,True,False
1000000000000000,999999999993227,999999999993229,999999999993331,999999999993257,False,28,2,26,False,True
1000000000000000,999999999993227,999999999993229,999999999993331,999999999993263,False,34,3,31,True,False
1000000000000000,999999999993227,999999999993229,999999999993331,999999999993277,False,48,4,44,False,False
1000000000000000,999999999993227,999999999993229,999999999993331,999999999993299,False,70,5,65,True,False
1000000000000000,999999999993227,999999999993229,999999999993331,999999999993329,False,100,6,94,False,True
1000000000000000,999999999993227,999999999993229,999999999993331,999999999993331,True,102,7,95,True,False
1000000000000000,999999999993217,999999999993221,999999999993227,999999999993223,False,2,1,1,True,False
1000000000000000,999999999993217,999999999993221,999999999993227,999999999993227,True,6,2,4,True,False
1000000000000000,999999999993131,999999999993139,999999999993143,999999999993143,True,4,1,3,False,False
1000000000000000,999999999993109,999999999993121,999999999993131,999999999993131,True,10,1,9,True,False
1000000000000000,999999999993097,999999999993101,999999999993109,999999999993107,False,6,1,5,True,False
1000000000000000,999999999993097,999999999993101,999999999993109,999999999993109,True,8,2,6,False,True
1000000000000000,999999999993089,999999999993091,999999999993097,999999999993097,True,6,1,5,True,False
1000000000000000,999999999993067,999999999993073,999999999993089,999999999993089,True,16,1,15,False,False
1000000000000000,999999999992999,999999999993011,999999999993067,999999999993017,False,6,1,5,True,False
1000000000000000,999999999992999,999999999993011,999999999993067,999999999993031,False,20,2,18,False,True
1000000000000000,999999999992999,999999999993011,999999999993067,999999999993047,False,36,3,33,False,False
1000000000000000,999999999992999,999999999993011,999999999993067,999999999993067,True,56,4,52,False,False
1000000000000000,999999999992921,999999999992951,999999999992999,999999999992999,True,48,1,47,False,False
1000000000000000,999999999992659,999999999992663,999999999992687,999999999992687,True,24,1,23,False,False
1000000000000000,999999999992401,999999999992407,999999999992429,999999999992429,True,22,1,21,True,False
1000000000000000,999999999992339,999999999992351,999999999992353,999999999992353,True,2,1,1,True,False
1000000000000000,999999999992281,999999999992327,999999999992339,999999999992333,False,6,1,5,True,False
1000000000000000,999999999992281,999999999992327,999999999992339,999999999992339,True,12,2,10,False,True
1000000000000000,999999999992143,999999999992177,999999999992197,999999999992197,True,20,1,19,False,False
1000000000000000,999999999992057,999999999992113,999999999992143,999999999992143,True,30,1,29,True,False
1000000000000000,999999999991973,999999999992023,999999999992041,999999999992027,False,4,1,3,False,False
1000000000000000,999999999991973,999999999992023,999999999992041,999999999992041,True,18,2,16,True,False
1000000000000000,999999999991871,999999999991873,999999999991961,999999999991907,False,34,1,33,True,False
1000000000000000,999999999991871,999999999991873,999999999991961,999999999991961,True,88,2,86,False,True
1000000000000000,999999999991823,999999999991831,999999999991847,999999999991843,False,12,1,11,False,False
1000000000000000,999999999991823,999999999991831,999999999991847,999999999991847,True,16,2,14,False,True
1000000000000000,999999999991793,999999999991813,999999999991823,999999999991823,True,10,1,9,True,False
1000000000000000,999999999991697,999999999991703,999999999991721,999999999991721,True,18,1,17,True,False
1000000000000000,999999999991621,999999999991673,999999999991679,999999999991679,True,6,1,5,True,False
1000000000000000,999999999991523,999999999991549,999999999991621,999999999991591,False,42,1,41,True,False
1000000000000000,999999999991523,999999999991549,999999999991621,999999999991621,True,72,2,70,False,True
1000000000000000,999999999991451,999999999991459,999999999991483,999999999991469,False,10,1,9,True,False
1000000000000000,999999999991451,999999999991459,999999999991483,999999999991483,True,24,2,22,False,True
1000000000000000,999999999991411,999999999991429,999999999991441,999999999991441,True,12,1,11,False,False
1000000000000000,999999999991189,999999999991217,999999999991243,999999999991219,False,2,1,1,True,False
1000000000000000,999999999991189,999999999991217,999999999991243,999999999991231,False,14,2,12,True,False
1000000000000000,999999999991189,999999999991217,999999999991243,999999999991241,False,24,3,21,False,False
1000000000000000,999999999991189,999999999991217,999999999991243,999999999991243,True,26,4,22,True,True
1000000000000000,999999999991127,999999999991151,999999999991189,999999999991189,True,38,1,37,True,False
1000000000000000,999999999991099,999999999991103,999999999991127,999999999991121,False,18,1,17,True,False
1000000000000000,999999999991099,999999999991103,999999999991127,999999999991123,False,20,2,18,False,True
1000000000000000,999999999991099,999999999991103,999999999991127,999999999991127,True,24,3,21,False,False
1000000000000000,999999999991067,999999999991079,999999999991099,999999999991087,False,8,1,7,False,False
1000000000000000,999999999991067,999999999991079,999999999991099,999999999991099,True,20,2,18,False,True
1000000000000000,999999999991019,999999999991033,999999999991051,999999999991051,True,18,1,17,True,False
1000000000000000,999999999990977,999999999990989,999999999991019,999999999991019,True,30,1,29,True,False
1000000000000000,999999999990913,999999999990917,999999999990977,999999999990919,False,2,1,1,True,False
1000000000000000,999999999990913,999999999990917,999999999990977,999999999990923,False,6,2,4,True,False
1000000000000000,999999999990913,999999999990917,999999999990977,999999999990941,False,24,3,21,False,False
1000000000000000,999999999990913,999999999990917,999999999990977,999999999990977,True,60,4,56,False,False
1000000000000000,999999999990883,999999999990899,999999999990913,999999999990907,False,8,1,7,False,False
1000000000000000,999999999990883,999999999990899,999999999990913,999999999990913,True,14,2,12,True,False
1000000000000000,999999999990869,999999999990877,999999999990883,999999999990883,True,6,1,5,True,False
1000000000000000,999999999990829,999999999990833,999999999990851,999999999990851,True,18,1,17,True,False
1000000000000000,999999999990799,999999999990821,999999999990829,999999999990829,True,8,1,7,False,False
1000000000000000,999999999990721,999999999990727,999999999990767,999999999990743,False,16,1,15,False,False
1000000000000000,999999999990721,999999999990727,999999999990767,999999999990751,False,24,2,22,False,True
1000000000000000,999999999990721,999999999990727,999999999990767,999999999990767,True,40,3,37,False,False
1000000000000000,999999999990697,999999999990709,999999999990721,999999999990721,True,12,1,11,False,False
1000000000000000,999999999990671,999999999990679,999999999990697,999999999990697,True,18,1,17,True,False
1000000000000000,999999999990577,999999999990599,999999999990659,999999999990619,False,20,1,19,False,False
1000000000000000,999999999990577,999999999990599,999999999990659,999999999990623,False,24,2,22,False,True
1000000000000000,999999999990577,999999999990599,999999999990659,999999999990647,False,48,3,45,False,False
1000000000000000,999999999990577,999999999990599,999999999990659,999999999990659,True,60,4,56,False,False
1000000000000000,999999999990493,999999999990503,999999999990577,999999999990521,False,18,1,17,True,False
1000000000000000,999999999990493,999999999990503,999999999990577,999999999990533,False,30,2,28,True,False
1000000000000000,999999999990493,999999999990503,999999999990577,999999999990559,False,56,3,53,False,False
1000000000000000,999999999990493,999999999990503,999999999990577,999999999990577,True,74,4,70,True,True
1000000000000000,999999999990461,999999999990463,999999999990493,999999999990493,True,30,1,29,True,False
1000000000000000,999999999990443,999999999990457,999999999990461,999999999990461,True,4,1,3,False,False
1000000000000000000,999999999999999967,999999999999999983,999999999999999989,999999999999999989,True,6,1,5,True,False
1000000000000000000,999999999999999877,999999999999999881,999999999999999967,999999999999999967,True,86,1,85,True,False
1000000000000000000,999999999999999829,999999999999999833,999999999999999863,999999999999999857,False,24,1,23,False,False
1000000000000000000,999999999999999829,999999999999999833,999999999999999863,999999999999999863,True,30,2,28,True,False
1000000000000000000,999999999999999749,999999999999999767,999999999999999829,999999999999999773,False,6,1,5,True,False
1000000000000000000,999999999999999749,999999999999999767,999999999999999829,999999999999999787,False,20,2,18,False,True
1000000000000000000,999999999999999749,999999999999999767,999999999999999829,999999999999999811,False,44,3,41,False,False
1000000000000000000,999999999999999749,999999999999999767,999999999999999829,999999999999999829,True,62,4,58,True,True
1000000000000000000,999999999999999709,999999999999999727,999999999999999737,999999999999999737,True,10,1,9,True,False
1000000000000000000,999999999999999637,999999999999999641,999999999999999709,999999999999999643,False,2,1,1,True,False
1000000000000000000,999999999999999637,999999999999999641,999999999999999709,999999999999999659,False,18,2,16,True,False
1000000000000000000,999999999999999637,999999999999999641,999999999999999709,999999999999999667,False,26,3,23,True,False
1000000000000000000,999999999999999637,999999999999999641,999999999999999709,999999999999999671,False,30,4,26,True,True
1000000000000000000,999999999999999637,999999999999999641,999999999999999709,999999999999999673,False,32,5,27,False,False
1000000000000000000,999999999999999637,999999999999999641,999999999999999709,999999999999999709,True,68,6,62,False,True
1000000000000000000,999999999999999613,999999999999999617,999999999999999631,999999999999999631,True,14,1,13,True,False
1000000000000000000,999999999999999569,999999999999999599,999999999999999601,999999999999999601,True,2,1,1,True,False
1000000000000000000,999999999999999539,999999999999999541,999999999999999569,999999999999999547,False,6,1,5,True,False
1000000000000000000,999999999999999539,999999999999999541,999999999999999569,999999999999999553,False,12,2,10,False,True
1000000000000000000,999999999999999539,999999999999999541,999999999999999569,999999999999999563,False,22,3,19,True,False
1000000000000000000,999999999999999539,999999999999999541,999999999999999569,999999999999999569,True,28,4,24,False,False
1000000000000000000,999999999999999487,999999999999999491,999999999999999503,999999999999999503,True,12,1,11,False,False
1000000000000000000,999999999999999419,999999999999999431,999999999999999443,999999999999999443,True,12,1,11,False,False
1000000000000000000,999999999999999359,999999999999999367,999999999999999371,999999999999999371,True,4,1,3,False,False
1000000000000000000,999999999999999331,999999999999999343,999999999999999359,999999999999999359,True,16,1,15,False,False
1000000000000000000,999999999999999161,999999999999999181,999999999999999283,999999999999999197,False,16,1,15,False,False
1000000000000000000,999999999999999161,999999999999999181,999999999999999283,999999999999999223,False,42,2,40,True,False
1000000000000000000,999999999999999161,999999999999999181,999999999999999283,999999999999999247,False,66,3,63,True,False
1000000000000000000,999999999999999161,999999999999999181,999999999999999283,999999999999999283,True,102,4,98,True,True
1000000000000000000,999999999999999121,999999999999999143,999999999999999157,999999999999999157,True,14,1,13,True,False
1000000000000000000,999999999999999079,999999999999999109,999999999999999121,999999999999999113,False,4,1,3,False,False
1000000000000000000,999999999999999079,999999999999999109,999999999999999121,999999999999999121,True,12,2,10,False,True
1000000000000000000,999999999999999073,999999999999999077,999999999999999079,999999999999999079,True,2,1,1,True,False
1000000000000000000,999999999999999023,999999999999999029,999999999999999073,999999999999999043,False,14,1,13,True,False
1000000000000000000,999999999999999023,999999999999999029,999999999999999073,999999999999999059,False,30,2,28,True,False
1000000000000000000,999999999999999023,999999999999999029,999999999999999073,999999999999999073,True,44,3,41,False,False
1000000000000000000,999999999999998989,999999999999998993,999999999999999023,999999999999999023,True,30,1,29,True,False
1000000000000000000,999999999999998939,999999999999998947,999999999999998989,999999999999998957,False,10,1,9,True,False
1000000000000000000,999999999999998939,999999999999998947,999999999999998989,999999999999998989,True,42,2,40,True,False
1000000000000000000,999999999999998867,999999999999998873,999999999999998927,999999999999998923,False,50,1,49,True,False
1000000000000000000,999999999999998867,999999999999998873,999999999999998927,999999999999998927,True,54,2,52,True,False
1000000000000000000,999999999999998759,999999999999998791,999999999999998867,999999999999998819,False,28,1,27,False,False
1000000000000000000,999999999999998759,999999999999998791,999999999999998867,999999999999998857,False,66,2,64,True,False
1000000000000000000,999999999999998759,999999999999998791,999999999999998867,999999999999998867,True,76,3,73,False,False
1000000000000000000,999999999999998653,999999999999998677,999999999999998743,999999999999998687,False,10,1,9,True,False
1000000000000000000,999999999999998653,999999999999998677,999999999999998743,999999999999998717,False,40,2,38,False,True
1000000000000000000,999999999999998653,999999999999998677,999999999999998743,999999999999998731,False,54,3,51,True,False
1000000000000000000,999999999999998653,999999999999998677,999999999999998743,999999999999998743,True,66,4,62,True,True
1000000000000000000,999999999999998581,999999999999998609,999999999999998651,999999999999998629,False,20,1,19,False,False
1000000000000000000,999999999999998581,999999999999998609,999999999999998651,999999999999998639,False,30,2,28,True,False
1000000000000000000,999999999999998581,999999999999998609,999999999999998651,999999999999998651,True,42,3,39,True,False
1000000000000000000,999999999999998539,999999999999998567,999999999999998581,999999999999998581,True,14,1,13,True,False
1000000000000000000,999999999999998443,999999999999998447,999999999999998539,999999999999998449,False,2,1,1,True,False
1000000000000000000,999999999999998443,999999999999998447,999999999999998539,999999999999998453,False,6,2,4,True,False
1000000000000000000,999999999999998443,999999999999998447,999999999999998539,999999999999998461,False,14,3,11,True,False
1000000000000000000,999999999999998443,999999999999998447,999999999999998539,999999999999998471,False,24,4,20,False,False
1000000000000000000,999999999999998443,999999999999998447,999999999999998539,999999999999998497,False,50,5,45,True,False
1000000000000000000,999999999999998443,999999999999998447,999999999999998539,999999999999998521,False,74,6,68,True,False
1000000000000000000,999999999999998443,999999999999998447,999999999999998539,999999999999998537,False,90,7,83,True,False
1000000000000000000,999999999999998443,999999999999998447,999999999999998539,999999999999998539,True,92,8,84,False,False
1000000000000000000,999999999999998321,999999999999998351,999999999999998443,999999999999998369,False,18,1,17,True,False
1000000000000000000,999999999999998321,999999999999998351,999999999999998443,999999999999998377,False,26,2,24,True,False
1000000000000000000,999999999999998321,999999999999998351,999999999999998443,999999999999998419,False,68,3,65,False,False
1000000000000000000,999999999999998321,999999999999998351,999999999999998443,999999999999998423,False,72,4,68,False,False
1000000000000000000,999999999999998321,999999999999998351,999999999999998443,999999999999998443,True,92,5,87,False,False
1000000000000000000,999999999999998273,999999999999998279,999999999999998321,999999999999998321,True,42,1,41,True,False
1000000000000000000,999999999999998237,999999999999998267,999999999999998269,999999999999998269,True,2,1,1,True,False
1000000000000000000,999999999999998171,999999999999998189,999999999999998227,999999999999998219,False,30,1,29,True,False
1000000000000000000,999999999999998171,999999999999998189,999999999999998227,999999999999998227,True,38,2,36,True,False
1000000000000000000,999999999999998143,999999999999998159,999999999999998167,999999999999998161,False,2,1,1,True,False
1000000000000000000,999999999999998143,999999999999998159,999999999999998167,999999999999998167,True,8,2,6,False,True
1000000000000000000,999999999999998027,999999999999998029,999999999999998143,999999999999998033,False,4,1,3,False,False
1000000000000000000,999999999999998027,999999999999998029,999999999999998143,999999999999998051,False,22,2,20,True,False
1000000000000000000,999999999999998027,999999999999998029,999999999999998143,999999999999998077,False,48,3,45,False,False
1000000000000000000,999999999999998027,999999999999998029,999999999999998143,999999999999998089,False,60,4,56,False,False
1000000000000000000,999999999999998027,999999999999998029,999999999999998143,999999999999998093,False,64,5,59,False,False
1000000000000000000,999999999999998027,999999999999998029,999999999999998143,999999999999998131,False,102,6,96,True,False
1000000000000000000,999999999999998027,999999999999998029,999999999999998143,999999999999998143,True,114,7,107,True,False
1000000000000000000,999999999999997961,999999999999997963,999999999999997993,999999999999997993,True,30,1,29,True,False
1000000000000000000,999999999999997901,999999999999997939,999999999999997943,999999999999997943,True,4,1,3,False,False
1000000000000000000,999999999999997883,999999999999997897,999999999999997901,999999999999997901,True,4,1,3,False,False
1000000000000000000,999999999999997817,999999999999997819,999999999999997831,999999999999997823,False,4,1,3,False,False
1000000000000000000,999999999999997817,999999999999997819,999999999999997831,999999999999997831,True,12,2,10,False,True
1000000000000000000,999999999999997751,999999999999997781,999999999999997817,999999999999997817,True,36,1,35,False,False
1000000000000000000,999999999999997651,999999999999997663,999999999999997751,999999999999997697,False,34,1,33,True,False
1000000000000000000,999999999999997651,999999999999997663,999999999999997751,999999999999997709,False,46,2,44,True,False
1000000000000000000,999999999999997651,999999999999997663,999999999999997751,999999999999997727,False,64,3,61,False,False
1000000000000000000,999999999999997651,999999999999997663,999999999999997751,999999999999997739,False,76,4,72,False,False
1000000000000000000,999999999999997651,999999999999997663,999999999999997751,999999999999997747,False,84,5,79,False,False
1000000000000000000,999999999999997651,999999999999997663,999999999999997751,999999999999997751,True,88,6,82,False,True
1000000000000000000,999999999999997589,999999999999997603,999999999999997651,999999999999997651,True,48,1,47,False,False
1000000000000000000,999999999999997499,999999999999997523,999999999999997589,999999999999997547,False,24,1,23,False,False
1000000000000000000,999999999999997499,999999999999997523,999999999999997589,999999999999997561,False,38,2,36,True,False
1000000000000000000,999999999999997499,999999999999997523,999999999999997589,999999999999997589,True,66,3,63,True,False
1000000000000000000,999999999999997457,999999999999997463,999999999999997471,999999999999997471,True,8,1,7,False,False
1000000000000000000,999999999999997313,999999999999997343,999999999999997427,999999999999997351,False,8,1,7,False,False
1000000000000000000,999999999999997313,999999999999997343,999999999999997427,999999999999997363,False,20,2,18,False,True
1000000000000000000,999999999999997313,999999999999997343,999999999999997427,999999999999997379,False,36,3,33,False,False
1000000000000000000,999999999999997313,999999999999997343,999999999999997427,999999999999997391,False,48,4,44,False,False
1000000000000000000,999999999999997313,999999999999997343,999999999999997427,999999999999997427,True,84,5,79,False,False
1000000000000000000,999999999999997207,999999999999997219,999999999999997313,999999999999997259,False,40,1,39,False,False
1000000000000000000,999999999999997207,999999999999997219,999999999999997313,999999999999997303,False,84,2,82,False,True
1000000000000000000,999999999999997207,999999999999997219,999999999999997313,999999999999997313,True,94,3,91,True,False
1000000000000000000,999999999999997133,999999999999997169,999999999999997189,999999999999997181,False,12,1,11,False,False
1000000000000000000,999999999999997133,999999999999997169,999999999999997189,999999999999997189,True,20,2,18,False,True
1000000000000000000,999999999999997121,999999999999997123,999999999999997133,999999999999997133,True,10,1,9,True,False
1000000000000000000,999999999999997057,999999999999997069,999999999999997079,999999999999997079,True,10,1,9,True,False
1000000000000000000,999999999999997033,999999999999997049,999999999999997057,999999999999997057,True,8,1,7,False,False
1000000000000000000,999999999999996967,999999999999996973,999999999999997013,999999999999996977,False,4,1,3,False,False
1000000000000000000,999999999999996967,999999999999996973,999999999999997013,999999999999997013,True,40,2,38,False,True
1000000000000000000,999999999999996917,999999999999996929,999999999999996967,999999999999996967,True,38,1,37,True,False
1000000000000000000,999999999999996881,999999999999996887,999999999999996917,999999999999996901,False,14,1,13,True,False
1000000000000000000,999999999999996881,999999999999996887,999999999999996917,999999999999996913,False,26,2,24,True,False
1000000000000000000,999999999999996881,999999999999996887,999999999999996917,999999999999996917,True,30,3,27,True,False
1000000000000000000,999999999999996847,999999999999996851,999999999999996871,999999999999996871,True,20,1,19,False,False
1000000000000000000,999999999999996839,999999999999996841,999999999999996847,999999999999996847,True,6,1,5,True,False
1000000000000000000,999999999999996701,999999999999996739,999999999999996757,999999999999996757,True,18,1,17,True,False
1000000000000000000,999999999999996659,999999999999996661,999999999999996673,999999999999996673,True,12,1,11,False,False
1000000000000000000,999999999999996553,999999999999996559,999999999999996647,999999999999996623,False,64,1,63,False,False
1000000000000000000,999999999999996553,999999999999996559,999999999999996647,999999999999996641,False,82,2,80,True,False
1000000000000000000,999999999999996553,999999999999996559,999999999999996647,999999999999996647,True,88,3,85,False,False
1000000000000000000,999999999999996467,999999999999996473,999999999999996553,999999999999996481,False,8,1,7,False,False
1000000000000000000,999999999999996467,999999999999996473,999999999999996553,999999999999996487,False,14,2,12,True,False
1000000000000000000,999999999999996467,999999999999996473,999999999999996553,999999999999996491,False,18,3,15,True,False
1000000000000000000,999999999999996467,999999999999996473,999999999999996553,999999999999996493,False,20,4,16,False,False
1000000000000000000,999999999999996467,999999999999996473,999999999999996553,999999999999996509,False,36,5,31,False,False
1000000000000000000,999999999999996467,999999999999996473,999999999999996553,999999999999996533,False,60,6,54,False,True
1000000000000000000,999999999999996467,999999999999996473,999999999999996553,999999999999996547,False,74,7,67,True,False
1000000000000000000,999999999999996467,999999999999996473,999999999999996553,999999999999996553,True,80,8,72,False,False
1000000000000000000,999999999999996409,999999999999996431,999999999999996461,999999999999996433,False,2,1,1,True,False
1000000000000000000,999999999999996409,999999999999996431,999999999999996461,999999999999996451,False,20,2,18,False,True
1000000000000000000,999999999999996409,999999999999996431,999999999999996461,999999999999996461,True,30,3,27,True,False
1000000000000000000,999999999999996361,999999999999996371,999999999999996383,999999999999996383,True,12,1,11,False,False
1000000000000000000,999999999999996337,999999999999996349,999999999999996353,999999999999996353,True,4,1,3,False,False
1000000000000000000,999999999999996263,999999999999996269,999999999999996329,999999999999996287,False,18,1,17,True,False
1000000000000000000,999999999999996263,999999999999996269,999999999999996329,999999999999996329,True,60,2,58,False,True
1000000000000000000,999999999999996251,999999999999996257,999999999999996263,999999999999996263,True,6,1,5,True,False
1000000000000000000,999999999999996209,999999999999996223,999999999999996251,999999999999996227,False,4,1,3,False,False
1000000000000000000,999999999999996209,999999999999996223,999999999999996251,999999999999996239,False,16,2,14,False,True
1000000000000000000,999999999999996209,999999999999996223,999999999999996251,999999999999996251,True,28,3,25,False,False
1000000000000000000,999999999999996119,999999999999996133,999999999999996209,999999999999996139,False,6,1,5,True,False
1000000000000000000,999999999999996119,999999999999996133,999999999999996209,999999999999996181,False,48,2,46,False,True
1000000000000000000,999999999999996119,999999999999996133,999999999999996209,999999999999996209,True,76,3,73,False,False
1000000000000000000,999999999999995947,999999999999995957,999999999999995963,999999999999995963,True,6,1,5,True,False
1000000000000000000,999999999999995809,999999999999995831,999999999999995833,999999999999995833,True,2,1,1,True,False
1000000000000000000,999999999999995737,999999999999995749,999999999999995783,999999999999995773,False,24,1,23,False,False
1000000000000000000,999999999999995737,999999999999995749,999999999999995783,999999999999995777,False,28,2,26,False,True
1000000000000000000,999999999999995737,999999999999995749,999999999999995783,999999999999995783,True,34,3,31,True,False
1000000000000000000,999999999999995717,999999999999995719,999999999999995737,999999999999995737,True,18,1,17,True,False
1000000000000000000,999999999999995671,999999999999995677,999999999999995681,999999999999995681,True,4,1,3,False,False
1000000000000000000,999999999999995573,999999999999995609,999999999999995671,999999999999995611,False,2,1,1,True,False
1000000000000000000,999999999999995573,999999999999995609,999999999999995671,999999999999995623,False,14,2,12,True,False
1000000000000000000,999999999999995573,999999999999995609,999999999999995671,999999999999995639,False,30,3,27,True,False
1000000000000000000,999999999999995573,999999999999995609,999999999999995671,999999999999995647,False,38,4,34,True,True
1000000000000000000,999999999999995573,999999999999995609,999999999999995671,999999999999995651,False,42,5,37,True,False
1000000000000000000,999999999999995573,999999999999995609,999999999999995671,999999999999995663,False,54,6,48,True,False
1000000000000000000,999999999999995573,999999999999995609,999999999999995671,999999999999995671,True,62,7,55,True,False
1000000000000000000,999999999999995563,999999999999995569,999999999999995573,999999999999995573,True,4,1,3,False,False
1000000000000000000,999999999999995539,999999999999995543,999999999999995549,999999999999995549,True,6,1,5,True,False
1000000000000000000,999999999999995419,999999999999995461,999999999999995513,999999999999995503,False,42,1,41,True,False
1000000000000000000,999999999999995419,999999999999995461,999999999999995513,999999999999995509,False,48,2,46,False,True
1000000000000000000,999999999999995419,999999999999995461,999999999999995513,999999999999995513,True,52,3,49,False,False
1000000000000000000,999999999999995341,999999999999995387,999999999999995419,999999999999995399,False,12,1,11,False,False
1000000000000000000,999999999999995341,999999999999995387,999999999999995419,999999999999995419,True,32,2,30,False,True
1000000000000000000,999999999999995261,999999999999995273,999999999999995333,999999999999995329,False,56,1,55,False,False
1000000000000000000,999999999999995261,999999999999995273,999999999999995333,999999999999995333,True,60,2,58,False,True
1000000000000000000,999999999999995231,999999999999995237,999999999999995261,999999999999995261,True,24,1,23,False,False
1000000000000000000,999999999999995149,999999999999995177,999999999999995231,999999999999995179,False,2,1,1,True,False
1000000000000000000,999999999999995149,999999999999995177,999999999999995231,999999999999995221,False,44,2,42,False,True
1000000000000000000,999999999999995149,999999999999995177,999999999999995231,999999999999995227,False,50,3,47,True,False
1000000000000000000,999999999999995149,999999999999995177,999999999999995231,999999999999995231,True,54,4,50,True,True
1000000000000000000,999999999999995131,999999999999995143,999999999999995149,999999999999995147,False,4,1,3,False,False
1000000000000000000,999999999999995131,999999999999995143,999999999999995149,999999999999995149,True,6,2,4,True,False
1000000000000000000,999999999999995083,999999999999995087,999999999999995131,999999999999995117,False,30,1,29,True,False
1000000000000000000,999999999999995083,999999999999995087,999999999999995131,999999999999995119,False,32,2,30,False,True
1000000000000000000,999999999999995083,999999999999995087,999999999999995131,999999999999995129,False,42,3,39,True,False
1000000000000000000,999999999999995083,999999999999995087,999999999999995131,999999999999995131,True,44,4,40,False,False
1000000000000000000,999999999999994849,999999999999994853,999999999999994897,999999999999994871,False,18,1,17,True,False
1000000000000000000,999999999999994849,999999999999994853,999999999999994897,999999999999994897,True,44,2,42,False,True
1000000000000000000,999999999999994837,999999999999994841,999999999999994843,999999999999994843,True,2,1,1,True,False
1000000000000000000,999999999999994727,999999999999994739,999999999999994823,999999999999994769,False,30,1,29,True,False
1000000000000000000,999999999999994727,999999999999994739,999999999999994823,999999999999994771,False,32,2,30,False,True
1000000000000000000,999999999999994727,999999999999994739,999999999999994823,999999999999994789,False,50,3,47,True,False
1000000000000000000,999999999999994727,999999999999994739,999999999999994823,999999999999994801,False,62,4,58,True,True
1000000000000000000,999999999999994727,999999999999994739,999999999999994823,999999999999994811,False,72,5,67,False,False
1000000000000000000,999999999999994727,999999999999994739,999999999999994823,999999999999994823,True,84,6,78,False,True
1000000000000000000,999999999999994657,999999999999994661,999999999999994727,999999999999994663,False,2,1,1,True,False
1000000000000000000,999999999999994657,999999999999994661,999999999999994727,999999999999994667,False,6,2,4,True,False
1000000000000000000,999999999999994657,999999999999994661,999999999999994727,999999999999994727,True,66,3,63,True,False
1000000000000000000,999999999999994573,999999999999994577,999999999999994619,999999999999994589,False,12,1,11,False,False
1000000000000000000,999999999999994573,999999999999994577,999999999999994619,999999999999994607,False,30,2,28,True,False
1000000000000000000,999999999999994573,999999999999994577,999999999999994619,999999999999994619,True,42,3,39,True,False
1000000000000000000,999999999999994481,999999999999994507,999999999999994561,999999999999994561,True,54,1,53,True,False
1000000000000000000,999999999999994361,999999999999994373,999999999999994481,999999999999994387,False,14,1,13,True,False
1000000000000000000,999999999999994361,999999999999994373,999999999999994481,999999999999994391,False,18,2,16,True,False
1000000000000000000,999999999999994361,999999999999994373,999999999999994481,999999999999994439,False,66,3,63,True,False
1000000000000000000,999999999999994361,999999999999994373,999999999999994481,999999999999994463,False,90,4,86,True,True
1000000000000000000,999999999999994361,999999999999994373,999999999999994481,999999999999994481,True,108,5,103,False,False
1000000000000000000,999999999999994339,999999999999994349,999999999999994351,999999999999994351,True,2,1,1,True,False
1000000000000000000,999999999999994297,999999999999994313,999999999999994339,999999999999994321,False,8,1,7,False,False
1000000000000000000,999999999999994297,999999999999994313,999999999999994339,999999999999994339,True,26,2,24,True,False
1000000000000000000,999999999999994211,999999999999994219,999999999999994237,999999999999994237,True,18,1,17,True,False
1000000000000000000,999999999999994193,999999999999994199,999999999999994211,999999999999994211,True,12,1,11,False,False
1000000000000000000,999999999999994117,999999999999994163,999999999999994193,999999999999994183,False,20,1,19,False,False
1000000000000000000,999999999999994117,999999999999994163,999999999999994193,999999999999994193,True,30,2,28,True,False
1000000000000000000,999999999999994073,999999999999994093,999999999999994111,999999999999994111,True,18,1,17,True,False
1000000000000000000,999999999999993989,999999999999993997,999999999999994073,999999999999994013,False,16,1,15,False,False
1000000000000000000,999999999999993989,999999999999993997,999999999999994073,999999999999994043,False,46,2,44,True,False
1000000000000000000,999999999999993989,999999999999993997,999999999999994073,999999999999994051,False,54,3,51,True,False
1000000000000000000,999999999999993989,999999999999993997,999999999999994073,999999999999994061,False,64,4,60,False,False
1000000000000000000,999999999999993989,999999999999993997,999999999999994073,999999999999994067,False,70,5,65,True,False
1000000000000000000,999999999999993989,999999999999993997,999999999999994073,999999999999994073,True,76,6,70,False,True
1000000000000000000,999999999999993683,999999999999993719,999999999999993779,999999999999993749,False,30,1,29,True,False
1000000000000000000,999999999999993683,999999999999993719,999999999999993779,999999999999993779,True,60,2,58,False,True
1000000000000000000,999999999999993647,999999999999993649,999999999999993679,999999999999993659,False,10,1,9,True,False
1000000000000000000,999999999999993647,999999999999993649,999999999999993679,999999999999993677,False,28,2,26,False,True
1000000000000000000,999999999999993647,999999999999993649,999999999999993679,999999999999993679,True,30,3,27,True,False
1000000000000000000,999999999999993571,999999999999993613,999999999999993647,999999999999993617,False,4,1,3,False,False
1000000000000000000,999999999999993571,999999999999993613,999999999999993647,999999999999993623,False,10,2,8,True,False
1000000000000000000,999999999999993571,999999999999993613,999999999999993647,999999999999993631,False,18,3,15,True,False
1000000000000000000,999999999999993571,999999999999993613,999999999999993647,999999999999993647,True,34,4,30,True,True
1000000000000000000,999999999999993281,999999999999993283,999999999999993341,999999999999993341,True,58,1,57,True,False
1000000000000000000,999999999999993269,999999999999993271,999999999999993281,999999999999993277,False,6,1,5,True,False
1000000000000000000,999999999999993269,999999999999993271,999999999999993281,999999999999993281,True,10,2,8,True,False
1000000000000000000,999999999999993173,999999999999993233,999999999999993269,999999999999993247,False,14,1,13,True,False
1000000000000000000,999999999999993173,999999999999993233,999999999999993269,999999999999993259,False,26,2,24,True,False
1000000000000000000,999999999999993173,999999999999993233,999999999999993269,999999999999993263,False,30,3,27,True,False
1000000000000000000,999999999999993173,999999999999993233,999999999999993269,999999999999993269,True,36,4,32,False,False
1000000000000000000,999999999999993103,999999999999993119,999999999999993173,999999999999993173,True,54,1,53,True,False
1000000000000000000,999999999999993019,999999999999993023,999999999999993077,999999999999993029,False,6,1,5,True,False
1000000000000000000,999999999999993019,999999999999993023,999999999999993077,999999999999993037,False,14,2,12,True,False
1000000000000000000,999999999999993019,999999999999993023,999999999999993077,999999999999993053,False,30,3,27,True,False
1000000000000000000,999999999999993019,999999999999993023,999999999999993077,999999999999993061,False,38,4,34,True,True
1000000000000000000,999999999999993019,999999999999993023,999999999999993077,999999999999993071,False,48,5,43,False,False
1000000000000000000,999999999999993019,999999999999993023,999999999999993077,999999999999993077,True,54,6,48,True,False
1000000000000000000,999999999999992939,999999999999992989,999999999999993011,999999999999993011,True,22,1,21,True,False
1000000000000000000,999999999999992917,999999999999992921,999999999999992939,999999999999992923,False,2,1,1,True,False
1000000000000000000,999999999999992917,999999999999992921,999999999999992939,999999999999992939,True,18,2,16,True,False
1000000000000000000,999999999999992617,999999999999992647,999999999999992681,999999999999992657,False,10,1,9,True,False
1000000000000000000,999999999999992617,999999999999992647,999999999999992681,999999999999992659,False,12,2,10,False,True
1000000000000000000,999999999999992617,999999999999992647,999999999999992681,999999999999992681,True,34,3,31,True,False
1000000000000000000,999999999999992603,999999999999992611,999999999999992617,999999999999992617,True,6,1,5,True,False
1000000000000000000,999999999999992581,999999999999992587,999999999999992603,999999999999992603,True,16,1,15,False,False
1000000000000000000,999999999999992503,999999999999992507,999999999999992543,999999999999992531,False,24,1,23,False,False
1000000000000000000,999999999999992503,999999999999992507,999999999999992543,999999999999992533,False,26,2,24,True,False
1000000000000000000,999999999999992503,999999999999992507,999999999999992543,999999999999992543,True,36,3,33,False,False
1000000000000000000,999999999999992473,999999999999992489,999999999999992503,999999999999992503,True,14,1,13,True,False
1000000000000000000,999999999999992417,999999999999992419,999999999999992449,999999999999992449,True,30,1,29,True,False
1000000000000000000,999999999999992333,999999999999992357,999999999999992417,999999999999992363,False,6,1,5,True,False
1000000000000000000,999999999999992333,999999999999992357,999999999999992417,999999999999992393,False,36,2,34,False,True
1000000000000000000,999999999999992333,999999999999992357,999999999999992417,999999999999992413,False,56,3,53,False,False
1000000000000000000,999999999999992333,999999999999992357,999999999999992417,999999999999992417,True,60,4,56,False,False
1000000000000000000,999999999999992219,999999999999992261,999999999999992293,999999999999992269,False,8,1,7,False,False
1000000000000000000,999999999999992219,999999999999992261,999999999999992293,999999999999992279,False,18,2,16,True,False
1000000000000000000,999999999999992219,999999999999992261,999999999999992293,999999999999992291,False,30,3,27,True,False
1000000000000000000,999999999999992219,999999999999992261,999999999999992293,999999999999992293,True,32,4,28,False,False
1000000000000000000,999999999999992177,999999999999992203,999999999999992207,999999999999992207,True,4,1,3,False,False
1000000000000000000,999999999999992141,999999999999992161,999999999999992177,999999999999992177,True,16,1,15,False,False
1000000000000000000,999999999999992099,999999999999992111,999999999999992141,999999999999992129,False,18,1,17,True,False
1000000000000000000,999999999999992099,999999999999992111,999999999999992141,999999999999992141,True,30,2,28,True,False
1000000000000000000,999999999999992053,999999999999992077,999999999999992099,999999999999992099,True,22,1,21,True,False
1000000000000000000,999999999999991997,999999999999992021,999999999999992053,999999999999992053,True,32,1,31,False,False
1000000000000000000,999999999999991847,999999999999991891,999999999999991967,999999999999991931,False,40,1,39,False,False
1000000000000000000,999999999999991847,999999999999991891,999999999999991967,999999999999991967,True,76,2,74,False,True
1000000000000000000,999999999999991841,999999999999991843,999999999999991847,999999999999991847,True,4,1,3,False,False
1000000000000000000,999999999999991813,999999999999991831,999999999999991841,999999999999991841,True,10,1,9,True,False
1000000000000000000,999999999999991769,999999999999991789,999999999999991813,999999999999991811,False,22,1,21,True,False
1000000000000000000,999999999999991769,999999999999991789,999999999999991813,999999999999991813,True,24,2,22,False,True
1000000000000000000,999999999999991657,999999999999991699,999999999999991717,999999999999991703,False,4,1,3,False,False
1000000000000000000,999999999999991657,999999999999991699,999999999999991717,999999999999991717,True,18,2,16,True,False
1000000000000000000,999999999999991597,999999999999991633,999999999999991657,999999999999991657,True,24,1,23,False,False
1000000000000000000,999999999999991511,999999999999991513,999999999999991597,999999999999991567,False,54,1,53,True,False
1000000000000000000,999999999999991511,999999999999991513,999999999999991597,999999999999991577,False,64,2,62,False,True
1000000000000000000,999999999999991511,999999999999991513,999999999999991597,999999999999991583,False,70,3,67,True,False
1000000000000000000,999999999999991511,999999999999991513,999999999999991597,999999999999991589,False,76,4,72,False,False
1000000000000000000,999999999999991511,999999999999991513,999999999999991597,999999999999991597,True,84,5,79,False,False
1000000000000000000,999999999999991493,999999999999991499,999999999999991511,999999999999991511,True,12,1,11,False,False
1000000000000000000,999999999999991423,999999999999991433,999999999999991493,999999999999991493,True,60,1,59,False,False
1000000000000000000,999999999999991271,999999999999991273,999999999999991391,999999999999991303,False,30,1,29,True,False
1000000000000000000,999999999999991271,999999999999991273,999999999999991391,999999999999991337,False,64,2,62,False,True
1000000000000000000,999999999999991271,999999999999991273,999999999999991391,999999999999991387,False,114,3,111,True,False
1000000000000000000,999999999999991271,999999999999991273,999999999999991391,999999999999991391,True,118,4,114,True,True
1000000000000000000,999999999999991223,999999999999991241,999999999999991271,999999999999991261,False,20,1,19,False,False
1000000000000000000,999999999999991223,999999999999991241,999999999999991271,999999999999991271,True,30,2,28,True,False
1000000000000000000,999999999999991189,999999999999991201,999999999999991223,999999999999991217,False,16,1,15,False,False
1000000000000000000,999999999999991189,999999999999991201,999999999999991223,999999999999991223,True,22,2,20,True,False
1000000000000000000,999999999999991099,999999999999991139,999999999999991153,999999999999991147,False,8,1,7,False,False
1000000000000000000,999999999999991099,999999999999991139,999999999999991153,999999999999991153,True,14,2,12,True,False
1000000000000000000,999999999999991079,999999999999991091,999999999999991099,999999999999991097,False,6,1,5,True,False
1000000000000000000,999999999999991079,999999999999991091,999999999999991099,999999999999991099,True,8,2,6,False,True
1000000000000000000,999999999999991037,999999999999991051,999999999999991079,999999999999991057,False,6,1,5,True,False
1000000000000000000,999999999999991037,999999999999991051,999999999999991079,999999999999991061,False,10,2,8,True,False
1000000000000000000,999999999999991037,999999999999991051,999999999999991079,999999999999991079,True,28,3,25,False,False
1000000000000000000,999999999999990961,999999999999990967,999999999999991037,999999999999991027,False,60,1,59,False,False
1000000000000000000,999999999999990961,999999999999990967,999999999999991037,999999999999991037,True,70,2,68,True,False
1000000000000000000,999999999999990877,999999999999990881,999999999999990961,999999999999990937,False,56,1,55,False,False
1000000000000000000,999999999999990877,999999999999990881,999999999999990961,999999999999990959,False,78,2,76,True,False
1000000000000000000,999999999999990877,999999999999990881,999999999999990961,999999999999990961,True,80,3,77,False,False
1000000000000000000,999999999999990713,999999999999990739,999999999999990833,999999999999990757,False,18,1,17,True,False
1000000000000000000,999999999999990713,999999999999990739,999999999999990833,999999999999990763,False,24,2,22,False,True
1000000000000000000,999999999999990713,999999999999990739,999999999999990833,999999999999990779,False,40,3,37,False,False
1000000000000000000,999999999999990713,999999999999990739,999999999999990833,999999999999990799,False,60,4,56,False,False
1000000000000000000,999999999999990713,999999999999990739,999999999999990833,999999999999990817,False,78,5,73,True,False
1000000000000000000,999999999999990713,999999999999990739,999999999999990833,999999999999990827,False,88,6,82,False,True
1000000000000000000,999999999999990713,999999999999990739,999999999999990833,999999999999990833,True,94,7,87,True,False
1000000000000000000,999999999999990593,999999999999990617,999999999999990623,999999999999990623,True,6,1,5,True,False
1000000000000000000,999999999999990551,999999999999990553,999999999999990593,999999999999990571,False,18,1,17,True,False
1000000000000000000,999999999999990551,999999999999990553,999999999999990593,999999999999990589,False,36,2,34,False,True
1000000000000000000,999999999999990551,999999999999990553,999999999999990593,999999999999990593,True,40,3,37,False,False
1000000000000000000,999999999999990323,999999999999990359,999999999999990401,999999999999990361,False,2,1,1,True,False
1000000000000000000,999999999999990323,999999999999990359,999999999999990401,999999999999990373,False,14,2,12,True,False
1000000000000000000,999999999999990323,999999999999990359,999999999999990401,999999999999990383,False,24,3,21,False,False
1000000000000000000,999999999999990323,999999999999990359,999999999999990401,999999999999990391,False,32,4,28,False,False
1000000000000000000,999999999999990323,999999999999990359,999999999999990401,999999999999990401,True,42,5,37,True,False
1000000000000000000,999999999999990203,999999999999990217,999999999999990323,999999999999990229,False,12,1,11,False,False
1000000000000000000,999999999999990203,999999999999990217,999999999999990323,999999999999990247,False,30,2,28,True,False
1000000000000000000,999999999999990203,999999999999990217,999999999999990323,999999999999990277,False,60,3,57,False,False
1000000000000000000,999999999999990203,999999999999990217,999999999999990323,999999999999990287,False,70,4,66,True,True
1000000000000000000,999999999999990203,999999999999990217,999999999999990323,999999999999990293,False,76,5,71,False,False
1000000000000000000,999999999999990203,999999999999990217,999999999999990323,999999999999990299,False,82,6,76,True,False
1000000000000000000,999999999999990203,999999999999990217,999999999999990323,999999999999990313,False,96,7,89,False,False
1000000000000000000,999999999999990203,999999999999990217,999999999999990323,999999999999990323,True,106,8,98,True,True
1000000000000000000,999999999999990151,999999999999990163,999999999999990169,999999999999990169,True,6,1,5,True,False
1000000000000000000,999999999999990113,999999999999990133,999999999999990151,999999999999990151,True,18,1,17,True,False
1000000000000000000,999999999999990071,999999999999990097,999999999999990107,999999999999990107,True,10,1,9,True,False
1000000000000000000,999999999999989969,999999999999989983,999999999999989999,999999999999989999,True,16,1,15,False,False
1000000000000000000,999999999999989951,999999999999989957,999999999999989969,999999999999989969,True,12,1,11,False,False
1000000000000000000,999999999999989893,999999999999989927,999999999999989951,999999999999989951,True,24,1,23,False,False
1000000000000000000,999999999999989867,999999999999989881,999999999999989893,999999999999989893,True,12,1,11,False,False
1000000000000000000,999999999999989759,999999999999989789,999999999999989801,999999999999989797,False,8,1,7,False,False
1000000000000000000,999999999999989759,999999999999989789,999999999999989801,999999999999989801,True,12,2,10,False,True
