scale,anchor_p,seed_q0,true_q_for_audit_only,terminal_delta_from_seed_for_audit_only,terminal_visible_index_for_audit_only,seed_offset_from_anchor,candidate_bound,visible_divisor_bound,carrier_d_probe_only,p_mod_30,p_mod_210,p_mod_2310,seed_mod_30,seed_mod_210,seed_mod_2310,visible_open_count_after_seed,visible_delta_vector,visible_delta_prefix_2,visible_delta_prefix_3,visible_delta_prefix_4,visible_delta_prefix_8,visible_gap_prefix_3,visible_gap_prefix_4,visible_gap_prefix_8,open_square_delta_from_seed,open_square_visible_count_before,candidate_bound_contains_terminal
1000000000000,999999999989,1000000000007,1000000000039,32,1,18,128,10000,,29,179,2069,17,197,2087,5,32.54.56.84.86,32.54,32.54.56,32.54.56.84,32.54.56.84.86,22.2.28,22.2.28.2,22.2.28.2,1999994,5,True
1000000000000,999999999961,999999999967,999999999989,22,1,6,128,10000,,1,151,2041,7,157,2047,5,22.40.72.94.96,22.40,22.40.72,22.40.72.94,22.40.72.94.96,18.32.22,18.32.22.2,18.32.22.2,2000034,5,True
1000000000000,999999999863,999999999871,999999999877,6,1,8,128,10000,,23,53,1943,1,61,1951,7,6.28.66.88.90.96.118,6.28,6.28.66,6.28.66.88,6.28.66.88.90.96.118,22.38.22,22.38.22.2,22.38.22.2.6.22,2000130,7,True
1000000000000,999999999767,999999999781,999999999847,66,7,14,128,10000,,17,167,1847,1,181,1861,11,6.12.28.30.48.58.66.76.82.90.96,6.12,6.12.28,6.12.28.30,6.12.28.30.48.58.66.76,6.16.2,6.16.2.18,6.16.2.18.10.8.10.6,2000220,11,True
1000000000000,999999999707,999999999743,999999999767,24,2,36,128,10000,,17,107,1787,23,143,1823,8,8.24.38.44.50.66.68.86,8.24,8.24.38,8.24.38.44,8.24.38.44.50.66.68.86,16.14.6,16.14.6.6,16.14.6.6.16.2.18,2000258,8,True
1000000000000,999999999617,999999999641,999999999673,32,3,24,128,10000,,17,17,1697,11,41,1721,6,26.30.32.56.66.102,26.30,26.30.32,26.30.32.56,26.30.32.56.66.102,4.2.24,4.2.24.10,4.2.24.10.36,2000360,6,True
1000000000000,999999999577,999999999587,999999999589,2,1,10,128,10000,,7,187,1657,17,197,1667,9,2.12.24.30.54.80.84.86.110,2.12,2.12.24,2.12.24.30,2.12.24.30.54.80.84.86,10.12.6,10.12.6.24,10.12.6.24.26.4.2.24,2000414,9,True
1000000000000,999999999529,999999999541,999999999571,30,2,12,128,10000,,19,139,1609,1,151,1621,9,6.30.36.46.48.58.70.76.100,6.30,6.30.36,6.30.36.46,6.30.36.46.48.58.70.76,24.6.10,24.6.10.2,24.6.10.2.10.12.6.24,2000460,9,True
1000000000000,999999999391,999999999419,999999999457,38,1,28,128,10000,,1,1,1471,29,29,1499,3,38.78.98,38.78,38.78.98,38.78.98,38.78.98,40.20,40.20,40.20,2000582,3,True
1000000000000,999999999331,999999999337,999999999359,22,1,6,128,10000,,1,151,1411,7,157,1417,4,22.54.82.120,22.54,22.54.82,22.54.82.120,22.54.82.120,32.28.38,32.28.38,32.28.38,2000664,4,True
1000000000000,999999999287,999999999289,999999999293,4,1,2,128,10000,,17,107,1367,19,109,1369,6,4.12.42.48.70.102,4.12,4.12.42,4.12.42.48,4.12.42.48.70.102,8.30.6,8.30.6.22,8.30.6.22.32,2000712,6,True
1000000000000,999999999161,999999999209,999999999247,38,2,48,128,10000,,11,191,1241,29,29,1289,7,14.38.44.60.68.78.80,14.38,14.38.44,14.38.44.60,14.38.44.60.68.78.80,24.6.16,24.6.16.8,24.6.16.8.10.2,2000792,7,True
1000000000000,999999999143,999999999151,999999999161,10,1,8,128,10000,,23,173,1223,1,181,1231,6,10.58.72.96.102.118,10.58,10.58.72,10.58.72.96,10.58.72.96.102.118,48.14.24,48.14.24.6,48.14.24.6.16,2000850,6,True
1000000000000,999999998867,999999998869,999999998939,70,2,2,128,10000,,17,107,947,19,109,949,5,28.70.72.82.124,28.70,28.70.72,28.70.72.82,28.70.72.82.124,42.2.10,42.2.10.42,42.2.10.42,2001132,5,True
1000000000000,999999998801,999999998813,999999998821,8,1,12,128,10000,,11,41,881,23,53,893,5,8.50.54.56.84,8.50,8.50.54,8.50.54.56,8.50.54.56.84,42.4.2,42.4.2.28,42.4.2.28,2001188,5,True
1000000000000,999999998611,999999998623,999999998713,90,4,12,128,10000,,1,61,691,13,73,703,6,16.54.58.90.96.114,16.54,16.54.58,16.54.58.90,16.54.58.90.96.114,38.4.32,38.4.32.6,38.4.32.6.18,2001378,6,True
1000000000000,999999998533,999999998537,999999998567,30,3,4,128,10000,,13,193,613,17,197,617,7,14.26.30.44.74.86.102,14.26,14.26.30,14.26.30.44,14.26.30.44.74.86.102,12.4.14,12.4.14.30,12.4.14.30.12.16,2001464,7,True
1000000000000,999999998513,999999998521,999999998527,6,1,8,128,10000,,23,173,593,1,181,601,11,6.10.12.16.30.42.46.60.90.102.118,6.10,6.10.12,6.10.12.16,6.10.12.16.30.42.46.60,4.2.4,4.2.4.14,4.2.4.14.12.4.14.30,2001480,11,True
1000000000000,999999998461,999999998479,999999998497,18,1,18,128,10000,,1,121,541,19,139,559,12,18.30.34.42.48.52.54.58.72.84.88.102,18.30,18.30.34,18.30.34.42,18.30.34.42.48.52.54.58,12.4.8,12.4.8.6,12.4.8.6.4.2.4.14,2001522,12,True
1000000000000,999999998401,999999998411,999999998429,18,2,10,128,10000,,1,61,481,11,71,491,11,8.18.30.38.50.68.86.98.102.110.116,8.18,8.18.30,8.18.30.38,8.18.30.38.50.68.86.98,10.12.8,10.12.8.12,10.12.8.12.18.18.12.4,2001590,11,True
1000000000000,999999998311,999999998381,999999998399,18,1,70,128,10000,,1,181,391,11,41,461,5,18.20.30.38.48,18.20,18.20.30,18.20.30.38,18.20.30.38.48,2.10.8,2.10.8.10,2.10.8.10,2001620,5,True
1000000000000,999999998237,999999998243,999999998281,38,2,6,128,10000,,17,107,317,23,113,323,3,36.38.68,36.38,36.38.68,36.38.68,36.38.68,2.30,2.30,2.30,2001758,3,True
1000000000000,999999998227,999999998233,999999998237,4,1,6,128,10000,,7,97,307,13,103,313,5,4.10.46.48.78,4.10,4.10.46,4.10.46.48,4.10.46.48.78,6.36.2,6.36.2.30,6.36.2.30,2001768,5,True
1000000000000,999999998203,999999998209,999999998227,18,1,6,128,10000,,13,73,283,19,79,289,7,18.24.28.34.70.72.102,18.24,18.24.28,18.24.28.34,18.24.28.34.70.72.102,6.4.6,6.4.6.36,6.4.6.36.2.30,2001792,7,True
1000000000000,999999998183,999999998189,999999998191,2,1,6,128,10000,,23,53,263,29,59,269,10,2.14.20.38.44.48.54.90.92.122,2.14,2.14.20,2.14.20.38,2.14.20.38.44.48.54.90,12.6.18,12.6.18.6,12.6.18.6.4.6.36.2,2001812,10,True
1000000000000,999999998069,999999998089,999999998141,52,2,20,128,10000,,29,149,149,19,169,169,8,10.52.54.70.82.94.100.102,10.52,10.52.54,10.52.54.70,10.52.54.70.82.94.100.102,42.2.16,42.2.16.12,42.2.16.12.12.6.2,2001912,8,True
1000000000000,999999998021,999999998027,999999998047,20,2,6,128,10000,,11,101,101,17,107,107,8,6.20.32.42.62.72.114.116,6.20,6.20.32,6.20.32.42,6.20.32.42.62.72.114.116,14.12.10,14.12.10.20,14.12.10.20.10.42.2,2001974,8,True
1000000000000,999999997939,999999997949,999999998021,72,4,10,128,10000,,19,19,19,29,29,29,8,2.18.42.72.78.84.98.110,2.18,2.18.42,2.18.42.72,2.18.42.72.78.84.98.110,16.24.30,16.24.30.6,16.24.30.6.6.14.12,2002052,8,True
1000000000000,999999997831,999999997849,999999997907,58,5,18,128,10000,,1,121,2221,19,139,2239,9,12.28.34.40.58.84.90.100.102,12.28,12.28.34,12.28.34.40,12.28.34.40.58.84.90.100,16.6.6,16.6.6.18,16.6.6.18.26.6.10.2,2002152,9,True
1000000000000,999999997679,999999997699,999999997721,22,1,20,128,10000,,29,179,2069,19,199,2089,6,22.24.54.58.72.94,22.24,22.24.54,22.24.54.58,22.24.54.58.72.94,2.30.4,2.30.4.14,2.30.4.14.22,2002302,6,True
1000000000000,999999997589,999999997597,999999997603,6,1,8,128,10000,,29,89,1979,7,97,1987,4,6.24.82.102,6.24,6.24.82,6.24.82.102,6.24.82.102,18.58.20,18.58.20,18.58.20,2002404,4,True
1000000000000,999999997517,999999997553,999999997589,36,2,36,128,10000,,17,17,1907,23,53,1943,5,14.36.44.50.68,14.36,14.36.44,14.36.44.50,14.36.44.50.68,22.8.6,22.8.6.18,22.8.6.18,2002448,5,True
1000000000000,999999997459,999999997463,999999997517,54,4,4,128,10000,,19,169,1849,23,173,1853,6,24.38.48.54.90.104,24.38,24.38.48,24.38.48.54,24.38.48.54.90.104,14.10.6,14.10.6.36,14.10.6.36.14,2002538,6,True
1000000000000,999999997433,999999997439,999999997459,20,2,6,128,10000,,23,143,1823,29,149,1829,8,14.20.24.48.62.72.78.114,14.20,14.20.24,14.20.24.48,14.20.24.48.62.72.78.114,6.4.24,6.4.24.14,6.4.24.14.10.6.36,2002562,8,True
1000000000000,999999997397,999999997429,999999997433,4,1,32,128,10000,,17,107,1787,19,139,1819,9,4.10.24.30.34.58.72.82.88,4.10,4.10.24,4.10.24.30,4.10.24.30.34.58.72.82,6.14.6,6.14.6.4,6.14.6.4.24.14.10.6,2002572,9,True
1000000000000,999999997391,999999997393,999999997397,4,1,2,128,10000,,11,101,1781,13,103,1783,11,4.36.40.46.60.66.70.94.108.118.124,4.36,4.36.40,4.36.40.46,4.36.40.46.60.66.70.94,32.4.6,32.4.6.14,32.4.6.14.6.4.24.14,2002608,11,True
1000000000000,999999997343,999999997351,999999997391,40,3,8,128,10000,,23,53,1733,1,61,1741,11,12.28.40.42.46.78.82.88.102.108.112,12.28,12.28.40,12.28.40.42,12.28.40.42.46.78.82.88,16.12.2,16.12.2.4,16.12.2.4.32.4.6.14,2002650,11,True
1000000000000,999999997277,999999997307,999999997327,20,1,30,128,10000,,17,197,1667,17,17,1697,8,20.36.44.56.72.84.86.90,20.36,20.36.44,20.36.44.56,20.36.44.56.72.84.86.90,16.8.12,16.8.12.16,16.8.12.16.12.2.4,2002694,8,True
1000000000000,999999997201,999999997223,999999997259,36,2,22,128,10000,,1,121,1591,23,143,1613,5,30.36.54.84.104,30.36,30.36.54,30.36.54.84,30.36.54.84.104,6.18.30,6.18.30.20,6.18.30.20,2002778,5,True
1000000000000,999999997163,999999997189,999999997201,12,1,26,128,10000,,23,83,1553,19,109,1579,5,12.34.64.70.88,12.34,12.34.64,12.34.64.70,12.34.64.70.88,22.30.6,22.30.6.18,22.30.6.18,2002812,5,True
1000000000000,999999997147,999999997151,999999997163,12,1,4,128,10000,,7,67,1537,11,71,1541,6,12.38.50.72.102.108,12.38,12.38.50,12.38.50.72,12.38.50.72.102.108,26.12.22,26.12.22.30,26.12.22.30.6,2002850,6,True
1000000000000,999999997103,999999997121,999999997147,26,2,18,128,10000,,23,23,1493,11,41,1511,7,12.26.30.42.68.80.102,12.26,12.26.30,12.26.30.42,12.26.30.42.68.80.102,14.4.12,14.4.12.26,14.4.12.26.12.22,2002880,7,True
1000000000000,999999997013,999999997093,999999997103,10,2,80,128,10000,,23,143,1403,13,13,1483,4,6.10.28.40,6.10,6.10.28,6.10.28.40,6.10.28.40,4.18.12,4.18.12,4.18.12,2002908,4,True
1000000000000,999999996901,999999996949,999999996977,28,1,48,128,10000,,1,31,1291,19,79,1339,3,28.30.64,28.30,28.30.64,28.30.64,28.30.64,2.34,2.34,2.34,2003052,3,True
1000000000000,999999996881,999999996887,999999996889,2,1,6,128,10000,,11,11,1271,17,17,1277,6,2.12.14.62.90.92,2.12,2.12.14,2.12.14.62,2.12.14.62.90.92,10.2.48,10.2.48.28,10.2.48.28.2,2003114,6,True
1000000000000,999999996823,999999996833,999999996881,48,2,10,128,10000,,13,163,1213,23,173,1223,7,38.48.54.56.66.68.116,38.48,38.48.54,38.48.54.56,38.48.54.56.66.68.116,10.6.2,10.6.2.10,10.6.2.10.2.48,2003168,7,True
1000000000000,999999996701,999999996727,999999996739,12,1,26,128,10000,,11,41,1091,7,67,1117,4,12.42.54.96,12.42,12.42.54,12.42.54.96,12.42.54.96,30.12.42,30.12.42,30.12.42,2003274,4,True
1000000000000,999999996581,999999996599,999999996601,2,1,18,128,10000,,11,131,971,29,149,989,5,2.24.38.60.102,2.24,2.24.38,2.24.38.60,2.24.38.60.102,22.14.22,22.14.22.42,22.14.22.42,2003402,5,True
1000000000000,999999996473,999999996511,999999996581,70,2,38,128,10000,,23,23,863,1,61,901,4,22.70.88.90,22.70,22.70.88,22.70.88.90,22.70.88.90,48.18.2,48.18.2,48.18.2,2003490,4,True
1000000000000,999999996371,999999996419,999999996449,30,1,48,128,10000,,11,131,761,29,179,809,3,30.48.54,30.48,30.48.54,30.48.54,30.48.54,18.6,18.6,18.6,2003582,3,True
1000000000000,999999996211,999999996217,999999996223,6,1,6,128,10000,,1,181,601,7,187,607,4,6.60.94.106,6.60,6.60.94,6.60.94.106,6.60.94.106,54.34.12,54.34.12,54.34.12,2003784,4,True
1000000000000,999999996137,999999996173,999999996197,24,1,36,128,10000,,17,107,527,23,143,563,5,24.36.38.44.50,24.36,24.36.38,24.36.38.44,24.36.38.44.50,12.2.6,12.2.6.6,12.2.6.6,2003828,5,True
1000000000000,999999996097,999999996133,999999996137,4,1,36,128,10000,,7,67,487,13,103,523,7,4.40.64.76.78.84.90,4.40,4.40.64,4.40.64.76,4.40.64.76.78.84.90,36.24.12,36.24.12.2,36.24.12.2.6.6,2003868,7,True
1000000000000,999999995993,999999996011,999999996097,86,5,18,128,10000,,23,173,383,11,191,401,5,8.60.78.80.86,8.60,8.60.78,8.60.78.80,8.60.78.80.86,52.18.2,52.18.2.6,52.18.2.6,2003990,5,True
1000000000000,999999995899,999999995909,999999995933,24,1,10,128,10000,,19,79,289,29,89,299,8,24.48.74.78.80.84.102.110,24.48,24.48.74,24.48.74.78,24.48.74.78.80.84.102.110,24.26.4,24.26.4.2,24.26.4.2.4.18.8,2004092,8,True
1000000000000,999999995773,999999995837,999999995857,20,1,64,128,10000,,13,163,163,17,17,227,3,20.50.62,20.50,20.50.62,20.50.62,20.50.62,30.12,30.12,30.12,2004164,3,True
1000000000000,999999995653,999999995681,999999995711,30,3,28,128,10000,,13,43,43,11,71,71,5,8.12.30.66.92,8.12,8.12.30,8.12.30.66,8.12.30.66.92,4.18.36,4.18.36.26,4.18.36.26,2004320,5,True
1000000000000,999999995581,999999995591,999999995653,62,5,10,128,10000,,1,181,2281,11,191,2291,8,18.38.48.50.62.90.98.102,18.38,18.38.48,18.38.48.50,18.38.48.50.62.90.98.102,20.10.2,20.10.2.12,20.10.2.12.28.8.4,2004410,8,True
1000000000000,999999995537,999999995539,999999995573,34,2,2,128,10000,,17,137,2237,19,139,2239,9,10.34.42.52.70.90.100.102.114,10.34,10.34.42,10.34.42.52,10.34.42.52.70.90.100.102,24.8.10,24.8.10.18,24.8.10.18.20.10.2.12,2004462,9,True
1000000000000,999999995497,999999995521,999999995537,16,1,24,128,10000,,7,97,2197,1,121,2221,7,16.18.28.52.60.70.88,16.18,16.18.28,16.18.28.52,16.18.28.52.60.70.88,2.10.24,2.10.24.8,2.10.24.8.10.18,2004480,7,True
1000000000000,999999995429,999999995441,999999995461,20,1,12,128,10000,,29,29,2129,11,41,2141,7,20.42.56.80.96.98.108,20.42,20.42.56,20.42.56.80,20.42.56.80.96.98.108,22.14.24,22.14.24.16,22.14.24.16.2.10,2004560,7,True
1000000000000,999999995383,999999995389,999999995413,24,1,6,128,10000,,13,193,2083,19,199,2089,7,24.30.40.52.72.94.108,24.30,24.30.40,24.30.40.52,24.30.40.52.72.94.108,6.10.12,6.10.12.20,6.10.12.20.22.14,2004612,7,True
1000000000000,999999995237,999999995257,999999995299,42,1,20,128,10000,,17,47,1937,7,67,1957,3,42.70.82,42.70,42.70.82,42.70.82,42.70.82,28.12,28.12,28.12,2004744,3,True
1000000000000,999999995207,999999995233,999999995237,4,1,26,128,10000,,17,17,1907,13,43,1933,4,4.24.66.94,4.24,4.24.66,4.24.66.94,4.24.66.94,20.42.28,20.42.28,20.42.28,2004768,4,True
1000000000000,999999995177,999999995201,999999995207,6,1,24,128,10000,,17,197,1877,11,11,1901,5,6.32.36.56.98,6.32,6.32.36,6.32.36.56,6.32.36.56.98,26.4.20,26.4.20.42,26.4.20.42,2004800,5,True
1000000000000,999999995147,999999995149,999999995177,28,2,2,128,10000,,17,167,1847,19,169,1849,7,22.28.52.58.84.88.108,22.28,22.28.52,22.28.52.58,22.28.52.58.84.88.108,6.24.6,6.24.6.26,6.24.6.26.4.20,2004852,7,True
1000000000000,999999995131,999999995143,999999995147,4,1,12,128,10000,,1,151,1831,13,163,1843,9,4.6.28.34.58.64.90.94.114,4.6,4.6.28,4.6.28.34,4.6.28.34.58.64.90.94,2.22.6,2.22.6.24,2.22.6.24.6.26.4.20,2004858,9,True
1000000000000,999999994909,999999994919,999999994937,18,1,10,128,10000,,19,139,1609,29,149,1619,6,18.38.60.80.90.98,18.38,18.38.60,18.38.60.80,18.38.60.80.90.98,20.22.20,20.22.20.10,20.22.20.10.8,2005082,6,True
1000000000000,999999994897,999999994907,999999994909,2,1,10,128,10000,,7,127,1597,17,137,1607,8,2.12.30.50.72.92.102.110,2.12,2.12.30,2.12.30.50,2.12.30.50.72.92.102.110,10.18.20,10.18.20.22,10.18.20.22.20.10.8,2005094,8,True
1000000000000,999999994823,999999994871,999999994897,26,1,48,128,10000,,23,53,1523,11,101,1571,5,26.36.38.48.66,26.36,26.36.38,26.36.38.48,26.36.38.48.66,10.2.10,10.2.10.18,10.2.10.18,2005130,5,True
1000000000000,999999994781,999999994783,999999994793,10,1,2,128,10000,,11,11,1481,13,13,1483,8,10.18.34.40.88.114.124.126,10.18,10.18.34,10.18.34.40,10.18.34.40.88.114.124.126,8.16.6,8.16.6.48,8.16.6.48.26.10.2,2005218,8,True
1000000000000,999999994769,999999994771,999999994781,10,1,2,128,10000,,29,209,1469,1,1,1471,8,10.12.22.30.46.52.100.126,10.12,10.12.22,10.12.22.30,10.12.22.30.46.52.100.126,2.10.8,2.10.8.16,2.10.8.16.6.48.26,2005230,8,True
1000000000000,999999994729,999999994753,999999994769,16,1,24,128,10000,,19,169,1429,13,193,1453,8,16.18.28.30.40.48.64.70,16.18,16.18.28,16.18.28.30,16.18.28.30.40.48.64.70,2.10.2,2.10.2.10,2.10.2.10.8.16.6,2005248,8,True
1000000000000,999999994687,999999994723,999999994729,6,1,36,128,10000,,7,127,1387,13,163,1423,8,6.30.46.48.58.60.70.78,6.30,6.30.46,6.30.46.48,6.30.46.48.58.60.70.78,24.16.2,24.16.2.10,24.16.2.10.2.10.8,2005278,8,True
1000000000000,999999994639,999999994661,999999994687,26,1,22,128,10000,,19,79,1339,11,101,1361,4,26.62.68.92,26.62,26.62.68,26.62.68.92,26.62.68.92,36.6.24,36.6.24,36.6.24,2005340,4,True
1000000000000,999999994583,999999994601,999999994603,2,1,18,128,10000,,23,23,1283,11,41,1301,6,2.6.12.38.60.86,2.6,2.6.12,2.6.12.38,2.6.12.38.60.86,4.6.26,4.6.26.22,4.6.26.22.26,2005400,6,True
1000000000000,999999994517,999999994531,999999994579,48,2,14,128,10000,,17,167,1217,1,181,1231,8,18.48.52.70.72.76.82.108,18.48,18.48.52,18.48.52.70,18.48.52.70.72.76.82.108,30.4.18,30.4.18.2,30.4.18.2.4.6.26,2005470,8,True
1000000000000,999999994471,999999994481,999999994493,12,1,10,128,10000,,1,121,1171,11,131,1181,6,12.36.50.68.98.102,12.36,12.36.50,12.36.50.68,12.36.50.68.98.102,24.14.18,24.14.18.30,24.14.18.30.4,2005520,6,True
1000000000000,999999994457,999999994459,999999994463,4,1,2,128,10000,,17,107,1157,19,109,1159,9,4.12.22.34.58.72.90.120.124,4.12,4.12.22,4.12.22.34,4.12.22.34.58.72.90.120,8.10.12,8.10.12.24,8.10.12.24.14.18.30.4,2005542,9,True
1000000000000,999999994379,999999994381,999999994403,22,2,2,128,10000,,29,29,1079,1,31,1081,11,6.22.42.48.58.76.78.82.90.100.112,6.22,6.22.42,6.22.42.48,6.22.42.48.58.76.78.82,16.20.6,16.20.6.10,16.20.6.10.18.2.4.8,2005620,11,True
1000000000000,999999994361,999999994363,999999994379,16,1,2,128,10000,,11,11,1061,13,13,1063,12,16.18.24.40.60.66.76.94.96.100.108.118,16.18,16.18.24,16.18.24.40,16.18.24.40.60.66.76.94,2.6.16,2.6.16.20,2.6.16.20.6.10.18.2,2005638,12,True
1000000000000,999999994319,999999994339,999999994361,22,2,20,128,10000,,29,179,1019,19,199,1039,10,12.22.24.40.42.48.64.84.90.100,12.22,12.22.24,12.22.24.40,12.22.24.40.42.48.64.84,10.2.16,10.2.16.2,10.2.16.2.6.16.20.6,2005662,10,True
1000000000000,999999994127,999999994159,999999994163,4,1,32,128,10000,,17,197,827,19,19,859,4,4.12.70.84,4.12,4.12.70,4.12.70.84,4.12.70.84,8.58.14,8.58.14,8.58.14,2005842,4,True
1000000000000,999999994087,999999994111,999999994117,6,1,24,128,10000,,7,157,787,1,181,811,5,6.16.48.52.60,6.16,6.16.48,6.16.48.52,6.16.48.52.60,10.32.4,10.32.4.8,10.32.4.8,2005890,5,True
1000000000000,999999994009,999999994043,999999994087,44,3,34,128,10000,,19,79,709,23,113,743,6,8.18.44.68.74.84,8.18,8.18.44,8.18.44.68,8.18.44.68.74.84,10.26.24,10.26.24.6,10.26.24.6.10,2005958,6,True
1000000000000,999999993929,999999993953,999999994009,56,3,24,128,10000,,29,209,629,23,23,653,5,30.38.56.90.98,30.38,30.38.56,30.38.56.90,30.38.56.90.98,8.18.34,8.18.34.8,8.18.34.8,2006048,5,True
1000000000000,999999993871,999999993877,999999993899,22,3,6,128,10000,,1,151,571,7,157,577,9,10.16.22.30.34.52.76.106.114,10.16,10.16.22,10.16.22.30,10.16.22.30.34.52.76.106,6.6.8,6.6.8.4,6.6.8.4.18.24.30.8,2006124,9,True
1000000000000,999999993793,999999993841,999999993847,6,1,48,128,10000,,13,73,493,1,121,541,9,6.18.30.36.46.52.58.66.70,6.18,6.18.30,6.18.30.36,6.18.30.36.46.52.58.66,12.12.6,12.12.6.10,12.12.6.10.6.6.8.4,2006160,9,True
1000000000000,999999993749,999999993757,999999993763,6,1,8,128,10000,,29,29,449,7,37,457,8,6.22.36.84.90.102.114.120,6.22,6.22.36,6.22.36.84,6.22.36.84.90.102.114.120,16.14.48,16.14.48.6,16.14.48.6.12.12.6,2006244,8,True
1000000000000,999999993653,999999993689,999999993749,60,3,36,128,10000,,23,143,353,29,179,389,6,2.50.60.68.74.90,2.50,2.50.60,2.50.60.68,2.50.60.68.74.90,48.10.8,48.10.8.6,48.10.8.6.16,2006312,6,True
1000000000000,999999993481,999999993523,999999993557,34,1,42,128,10000,,1,181,181,13,13,223,3,34.66.76,34.66,34.66.76,34.66.76,34.66.76,32.10,32.10,32.10,2006478,3,True
1000000000000,999999993389,999999993437,999999993467,30,1,48,128,10000,,29,89,89,17,137,137,2,30.44,30.44,30.44,30.44,30.44,14,14,14,2006564,2,True
1000000000000,999999993361,999999993371,999999993389,18,2,10,128,10000,,1,61,61,11,71,71,5,2.18.66.96.110,2.18,2.18.66,2.18.66.96,2.18.66.96.110,16.48.30,16.48.30.14,16.48.30.14,2006630,5,True
1000000000000,999999993287,999999993301,999999993361,60,2,14,128,10000,,17,197,2297,1,1,1,5,36.60.70.72.88,36.60,36.60.70,36.60.70.72,36.60.70.72.88,24.10.2,24.10.2.16,24.10.2.16,2006700,5,True
1000000000000,999999993259,999999993263,999999993287,24,1,4,128,10000,,19,169,2269,23,173,2273,6,24.38.74.98.108.110,24.38,24.38.74,24.38.74.98,24.38.74.98.108.110,14.36.24,14.36.24.10,14.36.24.10.2,2006738,6,True
1000000000000,999999992977,999999992987,999999993029,42,1,10,128,10000,,7,97,1987,17,107,1997,7,42.74.84.86.92.102.114,42.74,42.74.84,42.74.84.86,42.74.84.86.92.102.114,32.10.2,32.10.2.6,32.10.2.6.10.12,2007014,7,True
1000000000000,999999992941,999999992947,999999992977,30,1,6,128,10000,,1,61,1951,7,67,1957,4,30.40.82.114,30.40,30.40.82,30.40.82.114,30.40.82.114,10.42.32,10.42.32,10.42.32,2007054,4,True
1000000000000,999999992843,999999992911,999999992941,30,2,68,128,10000,,23,173,1853,1,31,1921,3,6.30.36,6.30,6.30.36,6.30.36,6.30.36,24.6,24.6,24.6,2007090,3,True
1000000000000,999999992743,999999992749,999999992843,94,4,6,128,10000,,13,73,1753,19,79,1759,4,52.84.88.94,52.84,52.84.88,52.84.88.94,52.84.88.94,32.4.6,32.4.6,32.4.6,2007252,4,True
1000000000000,999999992647,999999992653,999999992731,78,4,6,128,10000,,7,187,1657,13,193,1663,8,28.34.60.78.84.88.90.96,28.34,28.34.60,28.34.60.78,28.34.60.78.84.88.90.96,6.26.18,6.26.18.6,6.26.18.6.4.2.6,2007348,8,True
1000000000000,999999992539,999999992567,999999992611,44,2,28,128,10000,,19,79,1549,17,107,1577,5,2.44.72.80.86,2.44,2.44.72,2.44.72.80,2.44.72.80.86,42.28.8,42.28.8.6,42.28.8.6,2007434,5,True
1000000000000,999999992447,999999992461,999999992531,70,3,14,128,10000,,17,197,1457,1,1,1471,6,10.30.70.78.106.108,10.30,10.30.70,10.30.70.78,10.30.70.78.106.108,20.40.8,20.40.8.28,20.40.8.28.2,2007540,6,True
1000000000000000,999999999999989,1000000000000003,1000000000000037,34,3,14,128,10000,4,29,149,989,13,163,1003,6,18.30.34.66.88.114,18.30,18.30.34,18.30.34.66,18.30.34.66.88.114,12.4.32,12.4.32.22,12.4.32.22.26,25191726,6,True
1000000000000000,999999999999947,999999999999967,999999999999989,22,1,20,128,10000,4,17,107,947,7,127,967,6,22.36.54.66.70.102,22.36,22.36.54,22.36.54.66,22.36.54.66.70.102,14.18.12,14.18.12.4,14.18.12.4.32,25191762,6,True
1000000000000000,999999999999883,999999999999893,999999999999947,54,2,10,128,10000,4,13,43,883,23,53,893,5,14.54.74.96.110,14.54,14.54.74,14.54.74.96,14.54.74.96.110,40.20.22,40.20.22.14,40.20.22.14,25191836,5,True
1000000000000000,999999999999877,999999999999881,999999999999883,2,1,4,128,10000,4,7,37,877,11,41,881,7,2.12.26.66.86.108.122,2.12,2.12.26,2.12.26.66,2.12.26.66.86.108.122,10.14.40,10.14.40.20,10.14.40.20.22.14,25191848,7,True
1000000000000000,999999999999827,999999999999839,999999999999877,38,2,12,128,10000,4,17,197,827,29,209,839,7,14.38.42.44.54.68.108,14.38,14.38.42,14.38.42.44,14.38.42.44.54.68.108,24.4.2,24.4.2.10,24.4.2.10.14.40,25191890,7,True
1000000000000000,999999999999809,999999999999817,999999999999827,10,1,8,128,10000,4,29,179,809,7,187,817,8,10.22.36.60.64.66.76.90,10.22,10.22.36,10.22.36.60,10.22.36.60.64.66.76.90,12.14.24,12.14.24.4,12.14.24.4.2.10.14,25191912,8,True
1000000000000000,999999999999577,999999999999599,999999999999643,44,3,22,128,10000,4,7,157,577,29,179,599,6,18.20.44.60.78.102,18.20,18.20.44,18.20.44.60,18.20.44.60.78.102,2.24.16,2.24.16.18,2.24.16.18.24,25192130,6,True
1000000000000000,999999999999521,999999999999551,999999999999571,20,1,30,128,10000,4,11,101,521,11,131,551,6,20.26.48.66.68.92,20.26,20.26.48,20.26.48.66,20.26.48.66.68.92,6.22.18,6.22.18.2,6.22.18.2.24,25192178,6,True
1000000000000000,999999999999409,999999999999421,999999999999491,70,4,12,128,10000,4,19,199,409,1,1,421,5,10.18.28.70.100,10.18,10.18.28,10.18.28.70,10.18.28.70.100,8.10.42,8.10.42.30,8.10.42.30,25192308,5,True
1000000000000000,999999999999353,999999999999361,999999999999389,28,2,8,128,10000,4,23,143,353,1,151,361,7,6.28.48.60.70.78.88,6.28,6.28.48,6.28.48.60,6.28.48.60.70.78.88,22.20.12,22.20.12.10,22.20.12.10.8.10,25192368,7,True
1000000000000000,999999999999283,999999999999307,999999999999353,46,3,24,128,10000,8,13,73,283,7,97,307,7,4.24.46.54.60.82.102,4.24,4.24.46,4.24.46.54,4.24.46.54.60.82.102,20.22.8,20.22.8.6,20.22.8.6.22.20,25192422,7,True
1000000000000000,999999999999199,999999999999271,999999999999283,12,2,72,128,10000,4,19,199,199,1,61,271,4,6.12.36.40,6.12,6.12.36,6.12.36.40,6.12.36.40,6.24.4,6.24.4,6.24.4,25192458,4,True
1000000000000000,999999999999163,999999999999191,999999999999199,8,1,28,128,10000,4,13,163,163,11,191,191,4,8.80.86.92,8.80,8.80.86,8.80.86.92,8.80.86.92,72.6.6,72.6.6,72.6.6,25192538,4,True
1000000000000000,999999999999109,999999999999113,999999999999163,50,3,4,128,10000,4,19,109,109,23,113,113,5,14.36.50.78.86,14.36,14.36.50,14.36.50.78,14.36.50.78.86,22.14.28,22.14.28.8,22.14.28.8,25192616,5,True
1000000000000000,999999999999071,999999999999079,999999999999089,10,1,8,128,10000,4,11,71,71,19,79,79,9,10.24.30.34.48.70.84.112.120,10.24,10.24.30,10.24.30.34,10.24.30.34.48.70.84.112,14.6.4,14.6.4.14,14.6.4.14.22.14.28.8,25192650,9,True
1000000000000000,999999999998939,999999999998953,999999999999043,90,2,14,128,10000,4,29,149,2249,13,163,2263,2,48.90,48.90,48.90,48.90,48.90,42,42,42,25192776,2,True
1000000000000000,999999999998803,999999999998807,999999999998861,54,1,4,128,10000,4,13,13,2113,17,17,2117,2,54.122,54.122,54.122,54.122,54.122,68,68,68,25192922,2,True
1000000000000000,999999999998761,999999999998771,999999999998803,32,2,10,128,10000,4,1,181,2071,11,191,2081,4,2.32.36.90,2.32,2.32.36,2.32.36.90,2.32.36.90,30.4.54,30.4.54,30.4.54,25192958,4,True
1000000000000000,999999999998743,999999999998749,999999999998761,12,1,6,128,10000,4,13,163,2053,19,169,2059,6,12.22.24.54.58.112,12.22,12.22.24,12.22.24.54,12.22.24.54.58.112,10.2.30,10.2.30.4,10.2.30.4.54,25192980,6,True
1000000000000000,999999999998711,999999999998723,999999999998729,6,1,12,128,10000,8,11,131,2021,23,143,2033,8,6.20.26.38.48.50.80.84,6.20,6.20.26,6.20.26.38,6.20.26.38.48.50.80.84,14.6.12,14.6.12.10,14.6.12.10.2.30.4,25193006,8,True
1000000000000000,999999999998627,999999999998641,999999999998711,70,4,14,128,10000,4,17,47,1937,1,61,1951,8,12.42.48.70.82.88.102.108,12.42,12.42.48,12.42.48.70,12.42.48.70.82.88.102.108,30.6.22,30.6.22.12,30.6.22.12.6.14.6,25193088,8,True
1000000000000000,999999999998563,999999999998579,999999999998581,2,1,16,128,10000,4,13,193,1873,29,209,1889,9,2.20.30.42.48.62.74.104.110,2.20,2.20.30,2.20.30.42,2.20.30.42.48.62.74.104,18.10.12,18.10.12.6,18.10.12.6.14.12.30.6,25193150,9,True
1000000000000000,999999999998533,999999999998537,999999999998563,26,1,4,128,10000,4,13,163,1843,17,167,1847,9,26.42.44.62.72.84.90.104.116,26.42,26.42.44,26.42.44.62,26.42.44.62.72.84.90.104,16.2.18,16.2.18.10,16.2.18.10.12.6.14.12,25193192,9,True
1000000000000000,999999999998437,999999999998459,999999999998533,74,3,22,128,10000,4,7,67,1747,29,89,1769,5,38.62.74.78.104,38.62,38.62.74,38.62.74.78,38.62.74.78.104,24.12.4,24.12.4.26,24.12.4.26,25193270,5,True
1000000000000000,999999999998411,999999999998423,999999999998437,14,1,12,128,10000,8,11,41,1721,23,53,1733,6,14.36.74.98.110.114,14.36,14.36.74,14.36.74.98,14.36.74.98.110.114,22.38.24,22.38.24.12,22.38.24.12.4,25193306,6,True
1000000000000000,999999999998353,999999999998369,999999999998383,14,1,16,128,10000,4,13,193,1663,29,209,1679,5,14.42.54.68.90,14.42,14.42.54,14.42.54.68,14.42.54.68.90,28.12.14,28.12.14.22,28.12.14.22,25193360,5,True
1000000000000000,999999999998267,999999999998269,999999999998353,84,4,2,128,10000,4,17,107,1577,19,109,1579,6,4.22.78.84.100.114,4.22,4.22.78,4.22.78.84,4.22.78.84.100.114,18.56.6,18.56.6.16,18.56.6.16.14,25193460,6,True
1000000000000000,999999999998231,999999999998243,999999999998267,24,1,12,128,10000,4,11,71,1541,23,83,1553,6,24.26.30.48.104.110,24.26,24.26.30,24.26.30.48,24.26.30.48.104.110,2.4.18,2.4.18.56,2.4.18.56.6,25193486,6,True
1000000000000000,999999999998161,999999999998177,999999999998231,54,1,16,128,10000,4,1,1,1471,17,17,1487,5,54.66.90.92.96,54.66,54.66.90,54.66.90.92,54.66.90.92.96,12.24.2,12.24.2.4,12.24.2.4,25193552,5,True
1000000000000000,999999999998141,999999999998143,999999999998161,18,2,2,128,10000,4,11,191,1451,13,193,1453,7,4.18.34.88.100.124.126,4.18,4.18.34,4.18.34.88,4.18.34.88.100.124.126,14.16.54,14.16.54.12,14.16.54.12.24.2,25193586,7,True
1000000000000000,999999999998053,999999999998089,999999999998141,52,3,36,128,10000,4,13,103,1363,19,139,1399,7,18.48.52.54.58.72.88,18.48,18.48.52,18.48.52.54,18.48.52.54.58.72.88,30.4.2,30.4.2.4,30.4.2.4.14.16,25193640,7,True
1000000000000000,999999999998039,999999999998047,999999999998053,6,1,8,128,10000,4,29,89,1349,7,97,1357,8,6.42.60.90.94.96.100.114,6.42,6.42.60,6.42.60.90,6.42.60.90.94.96.100.114,36.18.30,36.18.30.4,36.18.30.4.2.4.14,25193682,8,True
1000000000000000,999999999998003,999999999998011,999999999998039,28,1,8,128,10000,4,23,53,1313,1,61,1321,5,28.36.42.78.96,28.36,28.36.42,28.36.42.78,28.36.42.78.96,8.6.36,8.6.36.18,8.6.36.18,25193718,5,True
1000000000000000,999999999997969,999999999997981,999999999997993,12,1,12,128,10000,4,19,19,1279,1,31,1291,7,12.22.30.58.66.72.108,12.22,12.22.30,12.22.30.58,12.22.30.58.66.72.108,10.8.28,10.8.28.8,10.8.28.8.6.36,25193748,7,True
1000000000000000,999999999997841,999999999997919,999999999997967,48,2,78,128,10000,4,11,101,1151,29,179,1229,3,42.48.50,42.48,42.48.50,42.48.50,42.48.50,6.2,6.2,6.2,25193810,3,True
1000000000000000,999999999997771,999999999997781,999999999997811,30,2,10,128,10000,4,1,31,1081,11,41,1091,4,2.30.56.60,2.30,2.30.56,2.30.56.60,2.30.56.60,28.26.4,28.26.4,28.26.4,25193948,4,True
1000000000000000,999999999997729,999999999997753,999999999997771,18,1,24,128,10000,4,19,199,1039,13,13,1063,6,18.28.30.58.84.88,18.28,18.28.30,18.28.30.58,18.28.30.58.84.88,10.2.28,10.2.28.26,10.2.28.26.4,25193976,6,True
1000000000000000,999999999997699,999999999997711,999999999997729,18,1,12,128,10000,4,19,169,1009,1,181,1021,6,18.42.60.70.72.100,18.42,18.42.60,18.42.60.70,18.42.60.70.72.100,24.18.10,24.18.10.2,24.18.10.2.28,25194018,6,True
1000000000000000,999999999997613,999999999997667,999999999997697,30,2,54,128,10000,4,23,83,923,17,137,977,5,12.30.32.44.62,12.30,12.30.32,12.30.32.44,12.30.32.44.62,18.2.12,18.2.12.18,18.2.12.18,25194062,5,True
1000000000000000,999999999997573,999999999997577,999999999997613,36,1,4,128,10000,4,13,43,883,17,47,887,5,36.90.102.120.122,36.90,36.90.102,36.90.102.120,36.90.102.120.122,54.12.18,54.12.18.2,54.12.18.2,25194152,5,True
1000000000000000,999999999997517,999999999997543,999999999997573,30,2,26,128,10000,4,17,197,827,13,13,853,4,10.30.34.70,10.30,10.30.34,10.30.34.70,10.30.34.70,20.4.36,20.4.36,20.4.36,25194186,4,True
1000000000000000,999999999997337,999999999997367,999999999997463,96,5,30,128,10000,4,17,17,647,17,47,677,5,14.24.36.74.96,14.24,14.24.36,14.24.36.74,14.24.36.74.96,10.12.38,10.12.38.22,10.12.38.22,25194362,5,True
1000000000000000,999999999997307,999999999997321,999999999997337,16,1,14,128,10000,4,17,197,617,1,1,631,5,16.46.60.70.82,16.46,16.46.60,16.46.60.70,16.46.60.70.82,30.14.10,30.14.10.12,30.14.10.12,25194408,5,True
1000000000000000,999999999997099,999999999997121,999999999997153,32,3,22,128,10000,4,19,199,409,11,11,431,6,6.12.32.48.50.60,6.12,6.12.32,6.12.32.48,6.12.32.48.50.60,6.20.16,6.20.16.2,6.20.16.2.10,25194608,6,True
1000000000000000,999999999997043,999999999997049,999999999997087,38,2,6,128,10000,4,23,143,353,29,149,359,9,20.38.50.72.78.84.104.120.122,20.38,20.38.50,20.38.50.72,20.38.50.72.78.84.104.120,18.12.22,18.12.22.6,18.12.22.6.6.20.16.2,25194680,9,True
1000000000000000,999999999997003,999999999997007,999999999997043,36,2,4,128,10000,4,13,103,313,17,107,317,8,14.36.42.62.80.92.114.120,14.36,14.36.42,14.36.42.62,14.36.42.62.80.92.114.120,22.6.20,22.6.20.18,22.6.20.18.12.22.6,25194722,8,True
1000000000000000,999999999996869,999999999996871,999999999996983,112,4,2,128,10000,8,29,179,179,1,181,181,4,16.52.70.112,16.52,16.52.70,16.52.70.112,16.52.70.112,36.18.42,36.18.42,36.18.42,25194858,4,True
1000000000000000,999999999996493,999999999996533,999999999996583,50,4,40,128,10000,4,13,13,2113,23,53,2153,6,6.18.30.50.68.74,6.18,6.18.30,6.18.30.50,6.18.30.50.68.74,12.12.20,12.12.20.18,12.12.20.18.6,25195196,6,True
1000000000000000,999999999996313,999999999996359,999999999996409,50,3,46,128,10000,4,13,43,1933,29,89,1979,5,20.38.50.60.62,20.38,20.38.50,20.38.50.60,20.38.50.60.62,18.12.10,18.12.10.2,18.12.10.2,25195370,5,True
1000000000000000,999999999996293,999999999996307,999999999996311,4,1,14,128,10000,8,23,23,1913,7,37,1927,8,4.6.52.72.90.102.112.114,4.6,4.6.52,4.6.52.72,4.6.52.72.90.102.112.114,2.46.20,2.46.20.18,2.46.20.18.12.10.2,25195422,8,True
1000000000000000,999999999996181,999999999996199,999999999996253,54,1,18,128,10000,4,1,121,1801,19,139,1819,3,54.94.108,54.94,54.94.108,54.94.108,54.94.108,40.14,40.14,40.14,25195530,3,True
1000000000000000,999999999996149,999999999996161,999999999996181,20,1,12,128,10000,4,29,89,1769,11,101,1781,3,20.38.92,20.38,20.38.92,20.38.92,20.38.92,18.54,18.54,18.54,25195568,3,True
1000000000000000,999999999996083,999999999996089,999999999996149,60,5,6,128,10000,4,23,23,1703,29,29,1709,8,2.32.50.54.60.72.92.110,2.32,2.32.50,2.32.50.54,2.32.50.54.60.72.92.110,30.18.4,30.18.4.6,30.18.4.6.12.20.18,25195640,8,True
1000000000000000,999999999995879,999999999995897,999999999995911,14,2,18,128,10000,4,29,29,1499,17,47,1517,5,6.14.20.80.110,6.14,6.14.20,6.14.20.80,6.14.20.80.110,8.6.60,8.6.60.30,8.6.60.30,25195832,5,True
1000000000000000,999999999995851,999999999995861,999999999995879,18,1,10,128,10000,4,1,1,1471,11,11,1481,6,18.36.42.50.56.116,18.36,18.36.42,18.36.42.50,18.36.42.50.56.116,18.6.8,18.6.8.6,18.6.8.6.60,25195868,6,True
1000000000000000,999999999995743,999999999995761,999999999995797,36,2,18,128,10000,4,13,103,1363,1,121,1381,5,30.36.46.90.100,30.36,30.36.46,30.36.46.90,30.36.46.90.100,6.10.44,6.10.44.10,6.10.44.10,25195968,5,True
1000000000000000,999999999995629,999999999995651,999999999995669,18,1,22,128,10000,4,19,199,1249,11,11,1271,4,18.42.72.92,18.42,18.42.72,18.42.72.92,18.42.72.92,24.30.20,24.30.20,24.30.20,25196078,4,True
1000000000000000,999999999995587,999999999995593,999999999995627,34,3,6,128,10000,4,7,157,1207,13,163,1213,7,6.24.34.36.58.76.100,6.24,6.24.34,6.24.34.36,6.24.34.36.58.76.100,18.10.2,18.10.2.22,18.10.2.22.18.24,25196136,7,True
1000000000000000,999999999995539,999999999995543,999999999995567,24,1,4,128,10000,8,19,109,1159,23,113,1163,9,24.26.44.50.56.74.84.86.108,24.26,24.26.44,24.26.44.50,24.26.44.50.56.74.84.86,2.18.6,2.18.6.6,2.18.6.6.18.10.2.22,25196186,9,True
1000000000000000,999999999995471,999999999995509,999999999995539,30,3,38,128,10000,4,11,41,1091,19,79,1129,9,22.28.30.34.58.60.78.84.90,22.28,22.28.30,22.28.30.34,22.28.30.34.58.60.78.84,6.2.4,6.2.4.24,6.2.4.24.2.18.6.6,25196220,9,True
1000000000000000,999999999995453,999999999995461,999999999995471,10,1,8,128,10000,4,23,23,1073,1,31,1081,8,10.48.70.76.78.82.106.108,10.48,10.48.70,10.48.70.76,10.48.70.76.78.82.106.108,38.22.6,38.22.6.2,38.22.6.2.4.24.2,25196268,8,True
1000000000000000,999999999995393,999999999995431,999999999995453,22,2,38,128,10000,4,23,173,1013,1,1,1051,5,12.22.30.40.78,12.22,12.22.30,12.22.30.40,12.22.30.40.78,10.8.10,10.8.10.38,10.8.10.38,25196298,5,True
1000000000000000,999999999995371,999999999995389,999999999995393,4,1,18,128,10000,4,1,151,991,19,169,1009,6,4.42.54.64.72.82,4.42,4.42.54,4.42.54.64,4.42.54.64.72.82,38.12.10,38.12.10.8,38.12.10.8.10,25196340,6,True
1000000000000000,999999999995357,999999999995369,999999999995371,2,1,12,128,10000,4,17,137,977,29,149,989,8,2.20.24.62.74.84.92.102,2.20,2.20.24,2.20.24.62,2.20.24.62.74.84.92.102,18.4.38,18.4.38.12,18.4.38.12.10.8.10,25196360,8,True
1000000000000000,999999999995327,999999999995329,999999999995357,28,1,2,128,10000,4,17,107,947,19,109,949,8,28.40.42.60.64.102.114.124,28.40,28.40.42,28.40.42.60,28.40.42.60.64.102.114.124,12.2.18,12.2.18.4,12.2.18.4.38.12.10,25196400,8,True
1000000000000000,999999999995273,999999999995281,999999999995327,46,3,8,128,10000,4,23,53,893,1,61,901,9,28.42.46.48.76.88.90.108.112,28.42,28.42.46,28.42.46.48,28.42.46.48.76.88.90.108,14.4.2,14.4.2.28,14.4.2.28.12.2.18.4,25196448,9,True
1000000000000000,999999999995179,999999999995197,999999999995273,76,3,18,128,10000,4,19,169,799,7,187,817,4,10.70.76.84,10.70,10.70.76,10.70.76.84,10.70.76.84,60.6.8,60.6.8,60.6.8,25196532,4,True
1000000000000000,999999999995089,999999999995123,999999999995179,56,2,34,128,10000,4,19,79,709,23,113,743,4,36.56.74.84,36.56,36.56.74,36.56.74.84,36.56.74.84,20.18.10,20.18.10,20.18.10,25196606,4,True
1000000000000000,999999999995021,999999999995047,999999999995069,22,2,26,128,10000,8,11,11,641,7,37,667,4,10.22.42.76,10.22,10.22.42,10.22.42.76,10.22.42.76,12.20.34,12.20.34,12.20.34,25196682,4,True
1000000000000000,999999999994991,999999999995011,999999999995021,10,1,20,128,10000,4,11,191,611,1,1,631,5,10.36.46.58.78,10.36,10.36.46,10.36.46.58,10.36.46.58.78,26.10.12,26.10.12.20,26.10.12.20,25196718,5,True
1000000000000000,999999999994901,999999999994913,999999999994991,78,4,12,128,10000,4,11,101,521,23,113,533,6,8.30.66.78.98.108,8.30,8.30.66,8.30.66.78,8.30.66.78.98.108,22.36.12,22.36.12.20,22.36.12.20.10,25196816,6,True
1000000000000000,999999999994829,999999999994841,999999999994873,32,2,12,128,10000,4,29,29,449,11,41,461,7,20.32.42.60.72.80.102,20.32,20.32.42,20.32.42.60,20.32.42.60.72.80.102,12.10.18,12.10.18.12,12.10.18.12.8.22,25196888,7,True
1000000000000000,999999999994813,999999999994823,999999999994829,6,1,10,128,10000,4,13,13,433,23,23,443,8,6.18.38.50.60.78.90.98,6.18,6.18.38,6.18.38.50,6.18.38.50.60.78.90.98,12.20.12,12.20.12.10,12.20.12.10.18.12.8,25196906,8,True
1000000000000000,999999999994733,999999999994739,999999999994789,50,3,6,128,10000,4,23,143,353,29,149,359,9,14.44.50.60.74.84.90.102.122,14.44,14.44.50,14.44.50.60,14.44.50.60.74.84.90.102,30.6.10,30.6.10.14,30.6.10.14.10.6.12.20,25196990,9,True
1000000000000000,999999999994687,999999999994711,999999999994727,16,1,24,128,10000,4,7,97,307,1,121,331,8,16.22.28.42.72.78.88.102,16.22,16.22.28,16.22.28.42,16.22.28.42.72.78.88.102,6.6.14,6.6.14.30,6.6.14.30.6.10.14,25197018,8,True
1000000000000000,999999999994601,999999999994621,999999999994627,6,1,20,128,10000,4,11,11,221,1,31,241,6,6.16.30.66.90.106,6.16,6.16.30,6.16.30.66,6.16.30.66.90.106,10.14.36,10.14.36.24,10.14.36.24.16,25197108,6,True
1000000000000000,999999999994511,999999999994519,999999999994537,18,1,8,128,10000,4,11,131,131,19,139,139,7,18.40.52.82.102.108.118,18.40,18.40.52,18.40.52.82,18.40.52.82.102.108.118,22.12.30,22.12.30.20,22.12.30.20.6.10,25197210,7,True
1000000000000000,999999999994477,999999999994507,999999999994511,4,1,30,128,10000,4,7,97,97,7,127,127,6,4.12.30.52.64.94,4.12,4.12.30,4.12.30.52,4.12.30.52.64.94,8.18.22,8.18.22.12,8.18.22.12.30,25197222,6,True
1000000000000000,999999999994451,999999999994453,999999999994477,24,3,2,128,10000,4,11,71,71,13,73,73,9,6.16.24.54.58.66.84.106.118,6.16,6.16.24,6.16.24.54,6.16.24.54.58.66.84.106,10.8.30,10.8.30.4,10.8.30.4.8.18.22.12,25197276,9,True
1000000000000000,999999999994417,999999999994439,999999999994451,12,1,22,128,10000,4,7,37,37,29,59,59,9,12.14.20.30.38.68.72.80.98,12.14,12.14.20,12.14.20.30,12.14.20.30.38.68.72.80,2.6.10,2.6.10.8,2.6.10.8.30.4.8.18,25197290,9,True
1000000000000000,999999999994379,999999999994381,999999999994417,36,4,2,128,10000,4,29,209,2309,1,1,1,11,12.22.28.36.58.70.72.78.88.96.126,12.22,12.22.28,12.22.28.36,12.22.28.36.58.70.72.78,10.6.8,10.6.8.22,10.6.8.22.12.2.6.10,25197348,11,True
1000000000000000,999999999994319,999999999994339,999999999994379,40,1,20,128,10000,4,29,149,2249,19,169,2269,7,40.42.54.64.70.78.100,40.42,40.42.54,40.42.54.64,40.42.54.64.70.78.100,2.12.10,2.12.10.6,2.12.10.6.8.22,25197390,7,True
1000000000000000,999999999994267,999999999994279,999999999994309,30,1,12,128,10000,4,7,97,2197,19,109,2209,6,30.40.60.100.102.114,30.40,30.40.60,30.40.60.100,30.40.60.100.102.114,10.20.40,10.20.40.2,10.20.40.2.12,25197450,6,True
1000000000000000,999999999994213,999999999994241,999999999994243,2,1,28,128,10000,4,13,43,2143,11,71,2171,6,2.26.38.68.78.98,2.26,2.26.38,2.26.38.68,2.26.38.68.78.98,24.12.30,24.12.30.10,24.12.30.10.20,25197488,6,True
1000000000000000,999999999994129,999999999994169,999999999994207,38,2,40,128,10000,4,19,169,2059,29,209,2099,5,20.38.44.72.74,20.38,20.38.44,20.38.44.72,20.38.44.72.74,18.6.28,18.6.28.2,18.6.28.2,25197560,5,True
1000000000000000,999999999994103,999999999994111,999999999994117,6,1,8,128,10000,4,23,143,2033,1,151,2041,6,6.18.58.78.96.102,6.18,6.18.58,6.18.58.78,6.18.58.78.96.102,12.40.20,12.40.20.18,12.40.20.18.6,25197618,6,True
1000000000000000,999999999994063,999999999994067,999999999994103,36,3,4,128,10000,4,13,103,1993,17,107,1997,8,14.24.36.44.50.62.102.122,14.24,14.24.36,14.24.36.44,14.24.36.44.50.62.102.122,10.12.8,10.12.8.6,10.12.8.6.12.40.20,25197662,8,True
1000000000000000,999999999993977,999999999993983,999999999994043,60,3,6,128,10000,4,17,17,1907,23,23,1913,9,44.48.60.66.80.84.98.108.120,44.48,44.48.60,44.48.60.66,44.48.60.66.80.84.98.108,4.12.6,4.12.6.14,4.12.6.14.4.14.10.12,25197746,9,True
1000000000000000,999999999993937,999999999993961,999999999993971,10,1,24,128,10000,4,7,187,1867,1,1,1891,8,10.16.22.66.70.82.88.102,10.16,10.16.22,10.16.22.66,10.16.22.66.70.82.88.102,6.6.44,6.6.44.4,6.6.44.4.12.6.14,25197768,8,True
1000000000000000,999999999993791,999999999993809,999999999993881,72,1,18,128,10000,4,11,41,1721,29,59,1739,3,72.78.80,72.78,72.78.80,72.78.80,72.78.80,6.2,6.2,6.2,25197920,3,True
1000000000000000,999999999993727,999999999993733,999999999993791,58,1,6,128,10000,4,7,187,1657,13,193,1663,2,58.76,58.76,58.76,58.76,58.76,18,18,18,25197996,2,True
1000000000000000,999999999993653,999999999993677,999999999993689,12,1,24,128,10000,4,23,113,1583,17,137,1607,4,12.36.50.56,12.36,12.36.50,12.36.50.56,12.36.50.56,24.14.6,24.14.6,24.14.6,25198052,4,True
1000000000000000,999999999993629,999999999993637,999999999993649,12,1,8,128,10000,4,29,89,1559,7,97,1567,7,12.16.40.52.76.90.96,12.16,12.16.40,12.16.40.52,12.16.40.52.76.90.96,4.24.12,4.24.12.24,4.24.12.24.14.6,25198092,7,True
1000000000000000,999999999993583,999999999993607,999999999993629,22,1,24,128,10000,4,13,43,1513,7,67,1537,6,22.30.42.46.70.82,22.30,22.30.42,22.30.42.46,22.30.42.46.70.82,8.12.4,8.12.4.24,8.12.4.24.12,25198122,6,True
1000000000000000,999999999993557,999999999993563,999999999993569,6,1,6,128,10000,4,17,17,1487,23,23,1493,8,6.20.44.66.74.86.90.114,6.20,6.20.44,6.20.44.66,6.20.44.66.74.86.90.114,14.24.22,14.24.22.8,14.24.22.8.12.4.24,25198166,8,True
1000000000000000,999999999993497,999999999993539,999999999993557,18,1,42,128,10000,4,17,167,1427,29,209,1469,5,18.24.30.44.68,18.24,18.24.30,18.24.30.44,18.24.30.44.68,6.6.14,6.6.14.24,6.6.14.24,25198190,5,True
1000000000000000,999999999993473,999999999993479,999999999993497,18,2,6,128,10000,4,23,143,1403,29,149,1409,7,14.18.60.78.84.90.104,14.18,14.18.60,14.18.60.78,14.18.60.78.84.90.104,4.42.18,4.42.18.6,4.42.18.6.6.14,25198250,7,True
1000000000000000,999999999993389,999999999993433,999999999993473,40,2,44,128,10000,8,29,59,1319,13,103,1363,5,36.40.46.60.64,36.40,36.40.46,36.40.46.60,36.40.46.60.64,4.6.14,4.6.14.4,4.6.14.4,25198296,5,True
1000000000000000,999999999993331,999999999993349,999999999993377,28,1,18,128,10000,4,1,1,1261,19,19,1279,3,28.40.84,28.40,28.40.84,28.40.84,28.40.84,12.44,12.44,12.44,25198380,3,True
1000000000000000,999999999993227,999999999993229,999999999993331,102,7,2,128,10000,4,17,107,1157,19,109,1159,8,22.28.34.48.70.100.102.120,22.28,22.28.34,22.28.34.48,22.28.34.48.70.100.102.120,6.6.14,6.6.14.22,6.6.14.22.30.2.18,25198500,8,True
1000000000000000,999999999993217,999999999993221,999999999993227,6,2,4,128,10000,4,7,97,1147,11,101,1151,10,2.6.8.30.36.42.56.78.108.110,2.6,2.6.8,2.6.8.30,2.6.8.30.36.42.56.78,4.2.22,4.2.22.6,4.2.22.6.6.14.22.30,25198508,10,True
1000000000000000,999999999993131,999999999993139,999999999993143,4,1,8,128,10000,4,11,11,1061,19,19,1069,12,4.12.18.34.60.78.82.84.88.90.112.118,4.12,4.12.18,4.12.18.34,4.12.18.34.60.78.82.84,8.6.16,8.6.16.26,8.6.16.26.18.4.2.4,25198590,12,True
1000000000000000,999999999993109,999999999993121,999999999993131,10,1,12,128,10000,4,19,199,1039,1,1,1051,12,10.18.22.30.36.52.78.96.100.102.106.108,10.18,10.18.22,10.18.22.30,10.18.22.30.36.52.78.96,8.4.8,8.4.8.6,8.4.8.6.16.26.18.4,25198608,12,True
1000000000000000,999999999993097,999999999993101,999999999993109,8,2,4,128,10000,4,7,187,1027,11,191,1031,13,6.8.20.30.38.42.50.56.72.98.116.120.122,6.8,6.8.20,6.8.20.30,6.8.20.30.38.42.50.56,2.12.10,2.12.10.8,2.12.10.8.4.8.6.16,25198628,13,True
1000000000000000,999999999993089,999999999993091,999999999993097,6,1,2,128,10000,4,29,179,1019,1,181,1021,13,6.10.16.18.30.40.48.52.60.66.82.108.126,6.10,6.10.16,6.10.16.18,6.10.16.18.30.40.48.52,4.6.2,4.6.2.12,4.6.2.12.10.8.4.8,25198638,13,True
1000000000000000,999999999993067,999999999993073,999999999993089,16,1,6,128,10000,4,7,157,997,13,163,1003,13,16.18.24.28.34.36.48.58.66.70.78.84.100,16.18,16.18.24,16.18.24.28,16.18.24.28.34.36.48.58,2.6.4,2.6.4.6,2.6.4.6.2.12.10.8,25198656,13,True
1000000000000000,999999999992999,999999999993011,999999999993067,56,4,12,128,10000,4,29,89,929,11,101,941,12,6.20.36.56.62.78.80.86.90.96.98.110,6.20,6.20.36,6.20.36.56,6.20.36.56.62.78.80.86,14.16.20,14.16.20.6,14.16.20.6.16.2.6.4,25198718,12,True
1000000000000000,999999999992921,999999999992951,999999999992999,48,1,30,128,10000,4,11,11,851,11,41,881,5,48.60.66.80.96,48.60,48.60.66,48.60.66.80,48.60.66.80.96,12.6.14,12.6.14.16,12.6.14.16,25198778,5,True
1000000000000000,999999999992659,999999999992663,999999999992687,24,1,4,128,10000,4,19,169,589,23,173,593,7,24.36.74.80.96.98.116,24.36,24.36.74,24.36.74.80,24.36.74.80.96.98.116,12.38.6,12.38.6.16,12.38.6.16.2.18,25199066,7,True
1000000000000000,999999999992401,999999999992407,999999999992429,22,1,6,128,10000,4,1,121,331,7,127,337,6,22.46.60.96.100.112,22.46,22.46.60,22.46.60.96,22.46.60.96.100.112,24.14.36,24.14.36.4,24.14.36.4.12,25199322,6,True
1000000000000000,999999999992339,999999999992351,999999999992353,2,1,12,128,10000,4,29,59,269,11,71,281,8,2.12.30.50.56.78.102.116,2.12,2.12.30,2.12.30.50,2.12.30.50.56.78.102.116,10.18.20,10.18.20.6,10.18.20.6.22.24.14,25199378,8,True
1000000000000000,999999999992281,999999999992327,999999999992339,12,2,46,128,10000,4,1,1,211,17,47,257,8,6.12.24.26.36.54.74.80,6.12,6.12.24,6.12.24.26,6.12.24.26.36.54.74.80,6.12.2,6.12.2.10,6.12.2.10.18.20.6,25199402,8,True
1000000000000000,999999999992143,999999999992177,999999999992197,20,1,34,128,10000,4,13,73,73,17,107,107,3,20.86.92,20.86,20.86.92,20.86.92,20.86.92,66.6,66.6,66.6,25199552,3,True
1000000000000000,999999999992057,999999999992113,999999999992143,30,1,56,128,10000,4,17,197,2297,13,43,43,2,30.64,30.64,30.64,30.64,30.64,34,34,34,25199616,2,True
1000000000000000,999999999991973,999999999992023,999999999992041,18,2,50,128,10000,4,23,113,2213,13,163,2263,4,4.18.28.34,4.18,4.18.28,4.18.28.34,4.18.28.34,14.10.6,14.10.6,14.10.6,25199706,4,True
1000000000000000,999999999991871,999999999991873,999999999991961,88,2,2,128,10000,4,11,11,2111,13,13,2113,4,34.88.96.100,34.88,34.88.96,34.88.96.100,34.88.96.100,54.8.4,54.8.4,54.8.4,25199856,4,True
1000000000000000,999999999991823,999999999991831,999999999991847,16,2,8,128,10000,4,23,173,2063,1,181,2071,5,12.16.40.42.76,12.16,12.16.40,12.16.40.42,12.16.40.42.76,4.24.2,4.24.2.34,4.24.2.34,25199898,5,True
1000000000000000,999999999991793,999999999991813,999999999991823,10,1,20,128,10000,8,23,143,2033,13,163,2053,7,10.18.30.34.58.60.94,10.18,10.18.30,10.18.30.34,10.18.30.34.58.60.94,8.12.4,8.12.4.24,8.12.4.24.2.34,25199916,7,True
1000000000000000,999999999991697,999999999991703,999999999991721,18,1,6,128,10000,4,17,47,1937,23,53,1943,5,18.36.90.110.120,18.36,18.36.90,18.36.90.110,18.36.90.110.120,18.54.20,18.54.20.10,18.54.20.10,25200026,5,True
1000000000000000,999999999991621,999999999991673,999999999991679,6,1,52,128,10000,8,1,181,1861,23,23,1913,6,6.20.24.30.48.66,6.20,6.20.24,6.20.24.30,6.20.24.30.48.66,14.4.6,14.4.6.18,14.4.6.18.18,25200056,6,True
1000000000000000,999999999991523,999999999991549,999999999991621,72,2,26,128,10000,4,23,83,1763,19,109,1789,2,42.72,42.72,42.72,42.72,42.72,30,30,30,25200180,2,True
1000000000000000,999999999991451,999999999991459,999999999991483,24,2,8,128,10000,8,11,11,1691,19,19,1699,6,10.24.42.60.64.90,10.24,10.24.42,10.24.42.60,10.24.42.60.64.90,14.18.18,14.18.18.4,14.18.18.4.26,25200270,6,True
1000000000000000,999999999991411,999999999991429,999999999991441,12,1,18,128,10000,4,1,181,1651,19,199,1669,8,12.22.30.40.54.72.90.94,12.22,12.22.30,12.22.30.40,12.22.30.40.54.72.90.94,10.8.10,10.8.10.14,10.8.10.14.18.18.4,25200300,8,True
1000000000000000,999999999991189,999999999991217,999999999991243,26,4,28,128,10000,4,19,169,1429,17,197,1457,8,2.14.24.26.30.36.42.80,2.14,2.14.24,2.14.24.26,2.14.24.26.30.36.42.80,12.10.2,12.10.2.4,12.10.2.4.6.6.38,25200512,8,True
1000000000000000,999999999991127,999999999991151,999999999991189,38,1,24,128,10000,4,17,107,1367,11,131,1391,8,38.66.68.80.90.92.96.102,38.66,38.66.68,38.66.68.80,38.66.68.80.90.92.96.102,28.2.12,28.2.12.10,28.2.12.10.2.4.6,25200578,8,True
1000000000000000,999999999991099,999999999991103,999999999991127,24,3,4,128,10000,4,19,79,1339,23,83,1343,7,18.20.24.48.86.114.116,18.20,18.20.24,18.20.24.48,18.20.24.48.86.114.116,2.4.24,2.4.24.38,2.4.24.38.28.2,25200626,7,True
1000000000000000,999999999991067,999999999991079,999999999991099,20,2,12,128,10000,4,17,47,1307,29,59,1319,8,8.20.24.42.44.48.72.110,8.20,8.20.24,8.20.24.42,8.20.24.42.44.48.72.110,12.4.18,12.4.18.2,12.4.18.2.4.24.38,25200650,8,True
1000000000000000,999999999991019,999999999991033,999999999991051,18,1,14,128,10000,4,29,209,1259,13,13,1273,9,18.34.46.54.66.70.88.90.94,18.34,18.34.46,18.34.46.54,18.34.46.54.66.70.88.90,16.12.8,16.12.8.12,16.12.8.12.4.18.2.4,25200696,9,True
1000000000000000,999999999990977,999999999990989,999999999991019,30,1,12,128,10000,4,17,167,1217,29,179,1229,8,30.44.62.78.90.98.110.114,30.44,30.44.62,30.44.62.78,30.44.62.78.90.98.110.114,14.18.16,14.18.16.12,14.18.16.12.8.12.4,25200740,8,True
1000000000000000,999999999990913,999999999990917,999999999990977,60,4,4,128,10000,4,13,103,1153,17,107,1157,7,2.6.24.60.72.102.116,2.6,2.6.24,2.6.24.60,2.6.24.60.72.102.116,4.18.36,4.18.36.12,4.18.36.12.30.14,25200812,7,True
1000000000000000,999999999990883,999999999990899,999999999990913,14,2,16,128,10000,4,13,73,1123,29,89,1139,8,8.14.18.20.24.42.78.90,8.14,8.14.18,8.14.18.20,8.14.18.20.24.42.78.90,6.4.2,6.4.2.4,6.4.2.4.18.36.12,25200830,8,True
1000000000000000,999999999990869,999999999990877,999999999990883,6,1,8,128,10000,8,29,59,1109,7,67,1117,10,6.22.30.36.40.42.46.64.100.112,6.22,6.22.30,6.22.30.36,6.22.30.36.40.42.46.64,16.8.6,16.8.6.4,16.8.6.4.2.4.18.36,25200852,10,True
1000000000000000,999999999990829,999999999990833,999999999990851,18,1,4,128,10000,4,19,19,1069,23,23,1073,11,18.36.44.50.66.74.80.84.86.90.108,18.36,18.36.44,18.36.44.50,18.36.44.50.66.74.80.84,18.8.6,18.8.6.16,18.8.6.16.8.6.4.2,25200896,11,True
1000000000000000,999999999990799,999999999990821,999999999990829,8,1,22,128,10000,4,19,199,1039,11,11,1061,12,8.12.30.48.56.62.78.86.92.96.98.102,8.12,8.12.30,8.12.30.48,8.12.30.48.56.62.78.86,4.18.18,4.18.18.8,4.18.18.8.6.16.8.6,25200908,12,True
1000000000000000,999999999990721,999999999990727,999999999990767,40,3,6,128,10000,4,1,121,961,7,127,967,8,16.24.40.60.72.94.102.106,16.24,16.24.40,16.24.40.60,16.24.40.60.72.94.102.106,8.16.20,8.16.20.12,8.16.20.12.22.8.4,25201002,8,True
1000000000000000,999999999990697,999999999990709,999999999990721,12,1,12,128,10000,4,7,97,937,19,109,949,8,12.18.34.42.58.78.90.112,12.18,12.18.34,12.18.34.42,12.18.34.42.58.78.90.112,6.16.8,6.16.8.16,6.16.8.16.20.12.22,25201020,8,True
1000000000000000,999999999990671,999999999990679,999999999990697,18,1,8,128,10000,4,11,71,911,19,79,919,9,18.30.42.48.64.72.88.108.120,18.30,18.30.42,18.30.42.48,18.30.42.48.64.72.88.108,12.12.6,12.12.6.16,12.12.6.16.8.16.20.12,25201050,9,True
1000000000000000,999999999990577,999999999990599,999999999990659,60,4,22,128,10000,4,7,187,817,29,209,839,7,20.24.48.60.72.80.98,20.24,20.24.48,20.24.48.60,20.24.48.60.72.80.98,4.24.12,4.24.12.12,4.24.12.12.8.18,25201130,7,True
1000000000000000,999999999990493,999999999990503,999999999990577,74,4,10,128,10000,4,13,103,733,23,113,743,6,18.30.56.74.96.116,18.30,18.30.56,18.30.56.74,18.30.56.74.96.116,12.26.18,12.26.18.22,12.26.18.22.20,25201226,6,True
1000000000000000,999999999990461,999999999990463,999999999990493,30,1,2,128,10000,4,11,71,701,13,73,703,6,30.40.58.70.96.114,30.40,30.40.58,30.40.58.70,30.40.58.70.96.114,10.18.12,10.18.12.26,10.18.12.26.18,25201266,6,True
1000000000000000,999999999990443,999999999990457,999999999990461,4,1,14,128,10000,4,23,53,683,7,67,697,7,4.6.36.46.64.76.102,4.6,4.6.36,4.6.36.46,4.6.36.46.64.76.102,2.30.10,2.30.10.18,2.30.10.18.12.26,25201272,7,True
1000000000000000000,999999999999999967,999999999999999983,999999999999999989,6,1,16,128,10000,4,7,157,2047,23,173,2063,7,6.20.24.26.48.74.96,6.20,6.20.24,6.20.24.26,6.20.24.26.48.74.96,14.4.2,14.4.2.22,14.4.2.22.26.22,2000000018,7,True
1000000000000000000,999999999999999877,999999999999999881,999999999999999967,86,1,4,128,10000,4,7,67,1957,11,71,1961,4,86.102.108.122,86.102,86.102.108,86.102.108.122,86.102.108.122,16.6.14,16.6.14,16.6.14,2000000120,4,True
1000000000000000000,999999999999999829,999999999999999833,999999999999999863,30,2,4,128,10000,8,19,19,1909,23,23,1913,4,24.30.44.48,24.30,24.30.44,24.30.44.48,24.30.44.48,6.14.4,6.14.4,6.14.4,2000000168,4,True
1000000000000000000,999999999999999749,999999999999999767,999999999999999829,62,4,18,128,10000,4,29,149,1829,17,167,1847,8,6.20.44.62.66.90.96.110,6.20,6.20.44,6.20.44.62,6.20.44.62.66.90.96.110,14.24.18,14.24.18.4,14.24.18.4.24.6.14,2000000234,8,True
1000000000000000000,999999999999999709,999999999999999727,999999999999999737,10,1,18,128,10000,4,19,109,1789,7,127,1807,8,10.22.40.46.60.84.102.106,10.22,10.22.40,10.22.40.46,10.22.40.46.60.84.102.106,12.18.6,12.18.6.14,12.18.6.14.24.18.4,2000000274,8,True
1000000000000000000,999999999999999637,999999999999999641,999999999999999709,68,6,4,128,10000,4,7,37,1717,11,41,1721,9,2.18.26.30.32.68.86.96.108,2.18,2.18.26,2.18.26.30,2.18.26.30.32.68.86.96,16.8.4,16.8.4.2,16.8.4.2.36.18.10.12,2000000360,9,True
1000000000000000000,999999999999999613,999999999999999617,999999999999999631,14,1,4,128,10000,8,13,13,1693,17,17,1697,11,14.20.24.26.42.50.54.56.92.110.120,14.20,14.20.24,14.20.24.26,14.20.24.26.42.50.54.56,6.4.2,6.4.2.16,6.4.2.16.8.4.2.36,2000000384,11,True
1000000000000000000,999999999999999569,999999999999999599,999999999999999601,2,1,30,128,10000,8,29,179,1649,29,209,1679,11,2.14.18.32.38.42.44.60.68.72.74,2.14,2.14.18,2.14.18.32,2.14.18.32.38.42.44.60,12.4.14,12.4.14.6,12.4.14.6.4.2.16.8,2000000402,11,True
1000000000000000000,999999999999999539,999999999999999541,999999999999999569,28,4,2,128,10000,4,29,149,1619,1,151,1621,14,6.12.22.28.58.60.72.76.90.96.100.102.118.126,6.12,6.12.22,6.12.22.28,6.12.22.28.58.60.72.76,6.10.6,6.10.6.30,6.10.6.30.2.12.4.14,2000000460,14,True
1000000000000000000,999999999999999487,999999999999999491,999999999999999503,12,1,4,128,10000,4,7,97,1567,11,101,1571,11,12.38.48.50.56.62.72.78.108.110.122,12.38,12.38.48,12.38.48.50,12.38.48.50.56.62.72.78,26.10.2,26.10.2.6,26.10.2.6.6.10.6.30,2000000510,11,True
1000000000000000000,999999999999999419,999999999999999431,999999999999999443,12,1,12,128,10000,4,29,29,1499,11,41,1511,9,12.32.56.60.72.98.108.110.116,12.32,12.32.56,12.32.56.60,12.32.56.60.72.98.108.110,20.24.4,20.24.4.12,20.24.4.12.26.10.2.6,2000000570,9,True
1000000000000000000,999999999999999359,999999999999999367,999999999999999371,4,1,8,128,10000,4,29,179,1439,7,187,1447,7,4.42.52.64.76.96.120,4.42,4.42.52,4.42.52.64,4.42.52.64.76.96.120,38.10.12,38.10.12.12,38.10.12.12.20.24,2000000634,7,True
1000000000000000000,999999999999999331,999999999999999343,999999999999999359,16,1,12,128,10000,4,1,151,1411,13,163,1423,7,16.24.28.66.76.88.100,16.24,16.24.28,16.24.28.66,16.24.28.66.76.88.100,8.4.38,8.4.38.10,8.4.38.10.12.12,2000000658,7,True
1000000000000000000,999999999999999161,999999999999999181,999999999999999283,102,4,20,128,10000,4,11,191,1241,1,1,1261,4,16.42.66.102,16.42,16.42.66,16.42.66.102,16.42.66.102,26.24.36,26.24.36,26.24.36,2000000820,4,True
1000000000000000000,999999999999999121,999999999999999143,999999999999999157,14,1,22,128,10000,4,1,151,1201,23,173,1223,6,14.18.38.54.80.104,14.18,14.18.38,14.18.38.54,14.18.38.54.80.104,4.20.16,4.20.16.26,4.20.16.26.24,2000000858,6,True
1000000000000000000,999999999999999079,999999999999999109,999999999999999121,12,2,30,128,10000,4,19,109,1159,19,139,1189,7,4.12.34.48.52.72.88,4.12,4.12.34,4.12.34.48,4.12.34.48.52.72.88,8.22.14,8.22.14.4,8.22.14.4.20.16,2000000892,7,True
1000000000000000000,999999999999999073,999999999999999077,999999999999999079,2,1,4,128,10000,4,13,103,1153,17,107,1157,9,2.32.36.44.66.80.84.104.120,2.32,2.32.36,2.32.36.44,2.32.36.44.66.80.84.104,30.4.8,30.4.8.22,30.4.8.22.14.4.20.16,2000000924,9,True
1000000000000000000,999999999999999023,999999999999999029,999999999999999073,44,3,6,128,10000,8,23,53,1103,29,59,1109,9,14.30.44.48.50.80.84.92.114,14.30,14.30.44,14.30.44.48,14.30.44.48.50.80.84.92,16.14.4,16.14.4.2,16.14.4.2.30.4.8.22,2000000972,9,True
1000000000000000000,999999999999998989,999999999999998993,999999999999999023,30,1,4,128,10000,4,19,19,1069,23,23,1073,9,30.36.50.66.80.84.86.116.120,30.36,30.36.50,30.36.50.66,30.36.50.66.80.84.86.116,6.14.16,6.14.16.14,6.14.16.14.4.2.30.4,2000001008,9,True
1000000000000000000,999999999999998939,999999999999998947,999999999999998989,42,2,8,128,10000,4,29,179,1019,7,187,1027,7,10.42.46.76.82.96.112,10.42,10.42.46,10.42.46.76,10.42.46.76.82.96.112,32.4.30,32.4.30.6,32.4.30.6.14.16,2000001054,7,True
1000000000000000000,999999999999998867,999999999999998873,999999999999998927,54,2,6,128,10000,8,17,107,947,23,113,953,8,50.54.56.66.74.84.116.120,50.54,50.54.56,50.54.56.66,50.54.56.66.74.84.116.120,4.2.10,4.2.10.8,4.2.10.8.10.32.4,2000001128,8,True
1000000000000000000,999999999999998759,999999999999998791,999999999999998867,76,3,32,128,10000,4,29,209,839,1,31,871,4,28.66.76.82,28.66,28.66.76,28.66.76.82,28.66.76.82,38.10.6,38.10.6,38.10.6,2000001210,4,True
1000000000000000000,999999999999998653,999999999999998677,999999999999998743,66,4,24,128,10000,8,13,103,733,7,127,757,5,10.40.54.66.82,10.40,10.40.54,10.40.54.66,10.40.54.66.82,30.14.12,30.14.12.16,30.14.12.16,2000001324,5,True
1000000000000000000,999999999999998581,999999999999998609,999999999999998651,42,3,28,128,10000,4,1,31,661,29,59,689,6,20.30.42.44.68.78,20.30,20.30.42,20.30.42.44,20.30.42.44.68.78,10.12.2,10.12.2.24,10.12.2.24.10,2000001392,6,True
1000000000000000000,999999999999998539,999999999999998567,999999999999998581,14,1,28,128,10000,4,19,199,619,17,17,647,6,14.42.62.72.84.86,14.42,14.42.62,14.42.62.72,14.42.62.72.84.86,28.20.10,28.20.10.12,28.20.10.12.2,2000001434,6,True
1000000000000000000,999999999999998443,999999999999998447,999999999999998539,92,8,4,128,10000,4,13,103,523,17,107,527,9,2.6.14.24.50.74.90.92.120,2.6,2.6.14,2.6.14.24,2.6.14.24.50.74.90.92,4.8.10,4.8.10.26,4.8.10.26.24.16.2.28,2000001554,9,True
1000000000000000000,999999999999998321,999999999999998351,999999999999998443,92,5,30,128,10000,4,11,191,401,11,11,431,7,18.26.68.72.92.96.98,18.26,18.26.68,18.26.68.72,18.26.68.72.92.96.98,8.42.4,8.42.4.20,8.42.4.20.4.2,2000001650,7,True
1000000000000000000,999999999999998273,999999999999998279,999999999999998321,42,1,6,128,10000,4,23,143,353,29,149,359,4,42.72.90.98,42.72,42.72.90,42.72.90.98,42.72.90.98,30.18.8,30.18.8,30.18.8,2000001722,4,True
1000000000000000000,999999999999998237,999999999999998267,999999999999998269,2,1,30,128,10000,4,17,107,317,17,137,347,5,2.6.12.54.84,2.6,2.6.12,2.6.12.54,2.6.12.54.84,4.6.42,4.6.42.30,4.6.42.30,2000001734,5,True
1000000000000000000,999999999999998171,999999999999998189,999999999999998227,38,2,18,128,10000,4,11,41,251,29,59,269,7,30.38.48.78.80.84.90,30.38,30.38.48,30.38.48.78,30.38.48.78.80.84.90,8.10.30,8.10.30.2,8.10.30.2.4.6,2000001812,7,True
1000000000000000000,999999999999998143,999999999999998159,999999999999998167,8,2,16,128,10000,8,13,13,223,29,29,239,9,2.8.12.30.60.68.78.108.110,2.8,2.8.12,2.8.12.30,2.8.12.30.60.68.78.108,6.4.18,6.4.18.30,6.4.18.30.8.10.30.2,2000001842,9,True
1000000000000000000,999999999999998027,999999999999998029,999999999999998143,114,7,2,128,10000,8,17,107,107,19,109,109,7,4.22.48.60.64.102.114,4.22,4.22.48,4.22.48.60,4.22.48.60.64.102.114,18.26.12,18.26.12.4,18.26.12.4.38.12,2000001972,7,True
1000000000000000000,999999999999997961,999999999999997963,999999999999997993,30,1,2,128,10000,4,11,41,41,13,43,43,9,30.36.58.64.66.70.88.114.126,30.36,30.36.58,30.36.58.64,30.36.58.64.66.70.88.114,6.22.6,6.22.6.2,6.22.6.2.4.18.26.12,2000002038,9,True
1000000000000000000,999999999999997901,999999999999997939,999999999999997943,4,1,38,128,10000,4,11,191,2291,19,19,19,9,4.12.22.24.54.60.82.88.90,4.12,4.12.22,4.12.22.24,4.12.22.24.54.60.82.88,8.10.2,8.10.2.30,8.10.2.30.6.22.6.2,2000002062,9,True
1000000000000000000,999999999999997883,999999999999997897,999999999999997901,4,1,14,128,10000,4,23,173,2273,7,187,2287,8,4.42.46.54.64.66.96.102,4.42,4.42.46,4.42.46.54,4.42.46.54.64.66.96.102,38.4.8,38.4.8.10,38.4.8.10.2.30.6,2000002104,8,True
1000000000000000000,999999999999997817,999999999999997819,999999999999997831,12,2,2,128,10000,4,17,107,2207,19,109,2209,8,4.12.18.64.78.82.120.124,4.12,4.12.18,4.12.18.64,4.12.18.64.78.82.120.124,8.6.46,8.6.46.14,8.6.46.14.4.38.4,2000002182,8,True
1000000000000000000,999999999999997751,999999999999997781,999999999999997817,36,1,30,128,10000,4,11,41,2141,11,71,2171,5,36.38.42.50.56,36.38,36.38.42,36.38.42.50,36.38.42.50.56,2.4.8,2.4.8.6,2.4.8.6,2000002220,5,True
1000000000000000000,999999999999997651,999999999999997663,999999999999997751,88,6,12,128,10000,4,1,151,2041,13,163,2053,6,34.46.64.76.84.88,34.46,34.46.64,34.46.64.76,34.46.64.76.84.88,12.18.12,12.18.12.8,12.18.12.8.4,2000002338,6,True
1000000000000000000,999999999999997589,999999999999997603,999999999999997651,48,1,14,128,10000,4,29,89,1979,13,103,1993,4,48.60.94.106,48.60,48.60.94,48.60.94.106,48.60.94.106,12.34.12,12.34.12,12.34.12,2000002398,4,True
1000000000000000000,999999999999997499,999999999999997523,999999999999997589,66,3,24,128,10000,4,29,209,1889,23,23,1913,4,24.38.66.80,24.38,24.38.66,24.38.66.80,24.38.66.80,14.28.14,14.28.14,14.28.14,2000002478,4,True
1000000000000000000,999999999999997457,999999999999997463,999999999999997471,8,1,6,128,10000,4,17,167,1847,23,173,1853,5,8.36.60.84.98,8.36,8.36.60,8.36.60.84,8.36.60.84.98,28.24.24,28.24.24.14,28.24.24.14,2000002538,5,True
1000000000000000000,999999999999997313,999999999999997343,999999999999997427,84,5,30,128,10000,4,23,23,1703,23,53,1733,6,8.20.36.48.84.90,8.20,8.20.36,8.20.36.48,8.20.36.48.84.90,12.16.12,12.16.12.36,12.16.12.36.6,2000002658,6,True
1000000000000000000,999999999999997207,999999999999997219,999999999999997313,94,3,12,128,10000,4,7,127,1597,19,139,1609,3,40.84.94,40.84,40.84.94,40.84.94,40.84.94,44.10,44.10,44.10,2000002782,3,True
1000000000000000000,999999999999997133,999999999999997169,999999999999997189,20,2,36,128,10000,4,23,53,1523,29,89,1559,5,12.20.38.50.90,12.20,12.20.38,12.20.38.50,12.20.38.50.90,8.18.12,8.18.12.40,8.18.12.40,2000002832,5,True
1000000000000000000,999999999999997121,999999999999997123,999999999999997133,10,1,2,128,10000,4,11,41,1511,13,43,1513,6,10.46.58.66.84.96,10.46,10.46.58,10.46.58.66,10.46.58.66.84.96,36.12.8,36.12.8.18,36.12.8.18.12,2000002878,6,True
1000000000000000000,999999999999997057,999999999999997069,999999999999997079,10,1,12,128,10000,4,7,187,1447,19,199,1459,6,10.52.54.64.100.112,10.52,10.52.54,10.52.54.64,10.52.54.64.100.112,42.2.10,42.2.10.36,42.2.10.36.12,2000002932,6,True
1000000000000000000,999999999999997033,999999999999997049,999999999999997057,8,1,16,128,10000,4,13,163,1423,29,179,1439,6,8.20.30.72.74.84,8.20,8.20.30,8.20.30.72,8.20.30.72.74.84,12.10.42,12.10.42.2,12.10.42.2.10,2000002952,6,True
1000000000000000000,999999999999996967,999999999999996973,999999999999997013,40,2,6,128,10000,4,7,97,1357,13,103,1363,8,4.40.46.60.76.84.96.106,4.40,4.40.46,4.40.46.60,4.40.46.60.76.84.96.106,36.6.14,36.6.14.16,36.6.14.16.8.12.10,2000003028,8,True
1000000000000000000,999999999999996917,999999999999996929,999999999999996967,38,1,12,128,10000,4,17,47,1307,29,59,1319,6,38.44.48.84.90.104,38.44,38.44.48,38.44.48.84,38.44.48.84.90.104,6.4.36,6.4.36.6,6.4.36.6.14,2000003072,6,True
1000000000000000000,999999999999996881,999999999999996887,999999999999996917,30,3,6,128,10000,4,11,11,1271,17,17,1277,7,14.26.30.42.80.86.90,14.26,14.26.30,14.26.30.42,14.26.30.42.80.86.90,12.4.12,12.4.12.38,12.4.12.38.6.4,2000003114,7,True
1000000000000000000,999999999999996847,999999999999996851,999999999999996871,20,1,4,128,10000,4,7,187,1237,11,191,1241,9,20.30.36.50.62.66.78.116.122,20.30,20.30.36,20.30.36.50,20.30.36.50.62.66.78.116,10.6.14,10.6.14.12,10.6.14.12.4.12.38.6,2000003150,9,True
1000000000000000000,999999999999996839,999999999999996841,999999999999996847,6,1,2,128,10000,4,29,179,1229,1,181,1231,10,6.10.30.40.46.60.72.76.88.126,6.10,6.10.30,6.10.30.40,6.10.30.40.46.60.72.76,4.20.10,4.20.10.6,4.20.10.6.14.12.4.12,2000003160,10,True
1000000000000000000,999999999999996701,999999999999996739,999999999999996757,18,1,38,128,10000,4,11,41,1091,19,79,1129,6,18.28.34.42.52.90,18.28,18.28.34,18.28.34.42,18.28.34.42.52.90,10.6.8,10.6.8.10,10.6.8.10.38,2000003262,6,True
1000000000000000000,999999999999996659,999999999999996661,999999999999996673,12,1,2,128,10000,4,29,209,1049,1,1,1051,7,12.40.78.96.106.112.120,12.40,12.40.78,12.40.78.96,12.40.78.96.106.112.120,28.38.18,28.38.18.10,28.38.18.10.6.8,2000003340,7,True
1000000000000000000,999999999999996553,999999999999996559,999999999999996647,88,3,6,128,10000,4,13,103,943,19,109,949,6,64.82.88.100.102.114,64.82,64.82.88,64.82.88.100,64.82.88.100.102.114,18.6.12,18.6.12.2,18.6.12.2.12,2000003442,6,True
1000000000000000000,999999999999996467,999999999999996473,999999999999996553,80,8,6,128,10000,4,17,17,857,23,23,863,9,8.14.18.20.36.60.74.80.86,8.14,8.14.18,8.14.18.20,8.14.18.20.36.60.74.80,6.4.2,6.4.2.16,6.4.2.16.24.14.6.6,2000003528,9,True
1000000000000000000,999999999999996409,999999999999996431,999999999999996461,30,3,22,128,10000,4,19,169,799,11,191,821,11,2.20.30.36.42.50.56.60.62.78.102,2.20,2.20.30,2.20.30.36,2.20.30.36.42.50.56.60,18.10.6,18.10.6.6,18.10.6.6.8.6.4.2,2000003570,11,True
1000000000000000000,999999999999996361,999999999999996371,999999999999996383,12,1,10,128,10000,4,1,121,751,11,131,761,10,12.38.60.62.80.90.96.102.110.116,12.38,12.38.60,12.38.60.62,12.38.60.62.80.90.96.102,26.22.2,26.22.2.18,26.22.2.18.10.6.6.8,2000003630,10,True
1000000000000000000,999999999999996337,999999999999996349,999999999999996353,4,1,12,128,10000,4,7,97,727,19,109,739,9,4.12.22.34.60.82.84.102.112,4.12,4.12.22,4.12.22.34,4.12.22.34.60.82.84.102,8.10.12,8.10.12.26,8.10.12.26.22.2.18.10,2000003652,9,True
1000000000000000000,999999999999996263,999999999999996269,999999999999996329,60,2,6,128,10000,4,23,23,653,29,29,659,8,18.60.68.80.84.92.102.114,18.60,18.60.68,18.60.68.80,18.60.68.80.84.92.102.114,42.8.12,42.8.12.4,42.8.12.4.8.10.12,2000003732,8,True
1000000000000000000,999999999999996251,999999999999996257,999999999999996263,6,1,6,128,10000,4,11,11,641,17,17,647,9,6.12.30.72.80.92.96.104.114,6.12,6.12.30,6.12.30.72,6.12.30.72.80.92.96.104,6.18.42,6.18.42.8,6.18.42.8.12.4.8.10,2000003744,9,True
1000000000000000000,999999999999996209,999999999999996223,999999999999996251,28,3,14,128,10000,4,29,179,599,13,193,613,9,4.16.28.34.40.46.64.106.114,4.16,4.16.28,4.16.28.34,4.16.28.34.40.46.64.106,12.12.6,12.12.6.6,12.12.6.6.6.18.42.8,2000003778,9,True
1000000000000000000,999999999999996119,999999999999996133,999999999999996209,76,3,14,128,10000,4,29,89,509,13,103,523,6,6.48.76.90.94.106,6.48,6.48.76,6.48.76.90,6.48.76.90.94.106,42.28.14,42.28.14.4,42.28.14.4.12,2000003868,6,True
1000000000000000000,999999999999995947,999999999999995957,999999999999995963,6,1,10,128,10000,4,7,127,337,17,137,347,6,6.42.44.56.72.86,6.42,6.42.44,6.42.44.56,6.42.44.56.72.86,36.2.12,36.2.12.16,36.2.12.16.14,2000004044,6,True
1000000000000000000,999999999999995809,999999999999995831,999999999999995833,2,1,22,128,10000,4,19,199,199,11,11,221,2,2.36,2.36,2.36,2.36,2.36,34,34,34,2000004170,2,True
1000000000000000000,999999999999995737,999999999999995749,999999999999995783,34,3,12,128,10000,4,7,127,127,19,139,139,8,24.28.34.40.42.60.82.84,24.28,24.28.34,24.28.34.40,24.28.34.40.42.60.82.84,4.6.6,4.6.6.2,4.6.6.2.18.22.2,2000004252,8,True
1000000000000000000,999999999999995717,999999999999995719,999999999999995737,18,1,2,128,10000,4,17,107,107,19,109,109,10,18.30.54.58.64.70.72.90.112.114,18.30,18.30.54,18.30.54.58,18.30.54.58.64.70.72.90,12.24.4,12.24.4.6,12.24.4.6.6.2.18.22,2000004282,10,True
1000000000000000000,999999999999995671,999999999999995677,999999999999995681,4,1,6,128,10000,4,1,61,61,7,67,67,11,4.22.40.42.60.72.96.100.106.112.114,4.22,4.22.40,4.22.40.42,4.22.40.42.60.72.96.100,18.18.2,18.18.2.18,18.18.2.18.12.24.4.6,2000004324,11,True
1000000000000000000,999999999999995573,999999999999995609,999999999999995671,62,7,36,128,10000,4,23,173,2273,29,209,2309,10,2.14.30.38.42.54.62.68.72.90,2.14,2.14.30,2.14.30.38,2.14.30.38.42.54.62.68,12.16.8,12.16.8.4,12.16.8.4.12.8.6.4,2000004392,10,True
1000000000000000000,999999999999995563,999999999999995569,999999999999995573,4,1,6,128,10000,4,13,163,2263,19,169,2269,11,4.40.42.54.70.78.82.94.102.108.112,4.40,4.40.42,4.40.42.54,4.40.42.54.70.78.82.94,36.2.12,36.2.12.16,36.2.12.16.8.4.12.8,2000004432,11,True
1000000000000000000,999999999999995539,999999999999995543,999999999999995549,6,1,4,128,10000,4,19,139,2239,23,143,2243,12,6.8.20.26.30.66.68.80.96.104.108.120,6.8,6.8.20,6.8.20.26,6.8.20.26.30.66.68.80,2.12.6,2.12.6.4,2.12.6.4.36.2.12.16,2000004458,12,True
1000000000000000000,999999999999995419,999999999999995461,999999999999995513,52,3,42,128,10000,4,19,19,2119,1,61,2161,6,42.48.52.60.78.82,42.48,42.48.52,42.48.52.60,42.48.52.60.78.82,6.4.8,6.4.8.18,6.4.8.18.4,2000004540,6,True
1000000000000000000,999999999999995341,999999999999995387,999999999999995419,32,2,46,128,10000,4,1,151,2041,17,197,2087,3,12.32.74,12.32,12.32.74,12.32.74,12.32.74,20.42,20.42,20.42,2000004614,3,True
1000000000000000000,999999999999995261,999999999999995273,999999999999995333,60,2,12,128,10000,8,11,71,1961,23,83,1973,4,56.60.68.114,56.60,56.60.68,56.60.68.114,56.60.68.114,4.8.46,4.8.46,4.8.46,2000004728,4,True
1000000000000000000,999999999999995231,999999999999995237,999999999999995261,24,1,6,128,10000,4,11,41,1931,17,47,1937,5,24.36.92.96.104,24.36,24.36.92,24.36.92.96,24.36.92.96.104,12.56.4,12.56.4.8,12.56.4.8,2000004764,5,True
1000000000000000000,999999999999995149,999999999999995177,999999999999995231,54,4,28,128,10000,4,19,169,1849,17,197,1877,7,2.44.50.54.60.84.96,2.44,2.44.50,2.44.50.54,2.44.50.54.60.84.96,42.6.4,42.6.4.6,42.6.4.6.24.12,2000004824,7,True
1000000000000000000,999999999999995131,999999999999995143,999999999999995149,6,2,12,128,10000,4,1,151,1831,13,163,1843,8,4.6.34.36.78.84.88.94,4.6,4.6.34,4.6.34.36,4.6.34.36.78.84.88.94,2.28.2,2.28.2.42,2.28.2.42.6.4.6,2000004858,8,True
1000000000000000000,999999999999995083,999999999999995087,999999999999995131,44,4,4,128,10000,4,13,103,1783,17,107,1787,9,30.32.42.44.56.60.62.90.92,30.32,30.32.42,30.32.42.44,30.32.42.44.56.60.62.90,2.10.2,2.10.2.12,2.10.2.12.4.2.28.2,2000004914,9,True
1000000000000000000,999999999999994849,999999999999994853,999999999999994897,44,2,4,128,10000,4,19,79,1549,23,83,1553,4,18.44.90.116,18.44,18.44.90,18.44.90.116,18.44.90.116,26.46.26,26.46.26,26.46.26,2000005148,4,True
1000000000000000000,999999999999994837,999999999999994841,999999999999994843,2,1,4,128,10000,4,7,67,1537,11,71,1541,6,2.8.12.30.56.102,2.8,2.8.12,2.8.12.30,2.8.12.30.56.102,6.4.18,6.4.18.26,6.4.18.26.46,2000005160,6,True
1000000000000000000,999999999999994727,999999999999994739,999999999999994823,84,6,12,128,10000,4,17,167,1427,29,179,1439,11,30.32.50.62.72.84.98.102.104.110.114,30.32,30.32.50,30.32.50.62,30.32.50.62.72.84.98.102,2.18.12,2.18.12.10,2.18.12.10.12.14.4.2,2000005262,11,True
1000000000000000000,999999999999994657,999999999999994661,999999999999994727,66,3,4,128,10000,4,7,97,1357,11,101,1361,6,2.6.66.78.108.110,2.6,2.6.66,2.6.66.78,2.6.66.78.108.110,4.60.12,4.60.12.30,4.60.12.30.2,2000005340,6,True
1000000000000000000,999999999999994573,999999999999994577,999999999999994619,42,3,4,128,10000,4,13,13,1273,17,17,1277,9,12.30.42.50.56.80.84.86.90,12.30,12.30.42,12.30.42.50,12.30.42.50.56.80.84.86,18.12.8,18.12.8.6,18.12.8.6.24.4.2.4,2000005424,9,True
1000000000000000000,999999999999994481,999999999999994507,999999999999994561,54,1,26,128,10000,4,11,131,1181,7,157,1207,5,54.66.70.82.100,54.66,54.66.70,54.66.70.82,54.66.70.82.100,12.4.12,12.4.12.18,12.4.12.18,2000005494,5,True
1000000000000000000,999999999999994361,999999999999994373,999999999999994481,108,5,12,128,10000,4,11,11,1061,23,23,1073,5,14.18.66.90.108,14.18,14.18.66,14.18.66.90,14.18.66.90.108,4.48.24,4.48.24.18,4.48.24.18,2000005628,5,True
1000000000000000000,999999999999994339,999999999999994349,999999999999994351,2,1,10,128,10000,4,19,199,1039,29,209,1049,7,2.12.24.38.42.90.114,2.12,2.12.24,2.12.24.38,2.12.24.38.42.90.114,10.12.14,10.12.14.4,10.12.14.4.48.24,2000005652,7,True
1000000000000000000,999999999999994297,999999999999994313,999999999999994339,26,2,16,128,10000,4,7,157,997,23,173,1013,8,8.26.36.38.48.60.74.78,8.26,8.26.36,8.26.36.38,8.26.36.38.48.60.74.78,18.10.2,18.10.2.10,18.10.2.10.12.14.4,2000005688,8,True
1000000000000000000,999999999999994211,999999999999994219,999999999999994237,18,1,8,128,10000,8,11,71,911,19,79,919,7,18.30.70.78.94.102.120,18.30,18.30.70,18.30.70.78,18.30.70.78.94.102.120,12.40.8,12.40.8.16,12.40.8.16.8.18,2000005782,7,True
1000000000000000000,999999999999994193,999999999999994199,999999999999994211,12,1,6,128,10000,4,23,53,893,29,59,899,8,12.20.38.50.90.98.114.122,12.20,12.20.38,12.20.38.50,12.20.38.50.90.98.114.122,8.18.12,8.18.12.40,8.18.12.40.8.16.8,2000005802,8,True
1000000000000000000,999999999999994117,999999999999994163,999999999999994193,30,2,46,128,10000,4,7,187,817,23,23,863,6,20.30.36.48.56.74,20.30,20.30.36,20.30.36.48,20.30.36.48.56.74,10.6.12,10.6.12.8,10.6.12.8.18,2000005838,6,True
1000000000000000000,999999999999994073,999999999999994093,999999999999994111,18,1,20,128,10000,4,23,143,773,13,163,793,6,18.24.70.90.100.106,18.24,18.24.70,18.24.70.90,18.24.70.90.100.106,6.46.20,6.46.20.10,6.46.20.10.6,2000005908,6,True
1000000000000000000,999999999999993989,999999999999993997,999999999999994073,76,6,8,128,10000,4,29,59,689,7,67,697,9,16.46.54.64.70.76.96.114.120,16.46,16.46.54,16.46.54.64,16.46.54.64.70.76.96.114,30.8.10,30.8.10.6,30.8.10.6.6.20.18.6,2000006004,9,True
1000000000000000000,999999999999993683,999999999999993719,999999999999993779,60,2,36,128,10000,4,23,173,383,29,209,419,5,30.60.72.80.90,30.60,30.60.72,30.60.72.80,30.60.72.80.90,30.12.8,30.12.8.10,30.12.8.10,2000006282,5,True
1000000000000000000,999999999999993647,999999999999993649,999999999999993679,30,3,2,128,10000,4,17,137,347,19,139,349,6,10.28.30.34.70.100,10.28,10.28.30,10.28.30.34,10.28.30.34.70.100,18.2.4,18.2.4.36,18.2.4.36.30,2000006352,6,True
1000000000000000000,999999999999993571,999999999999993613,999999999999993647,34,4,42,128,10000,4,1,61,271,13,103,313,9,4.10.18.34.36.46.64.66.70,4.10,4.10.18,4.10.18.34,4.10.18.34.36.46.64.66,6.8.16,6.8.16.2,6.8.16.2.10.18.2.4,2000006388,9,True
1000000000000000000,999999999999993281,999999999999993283,999999999999993341,58,1,2,128,10000,4,11,191,2291,13,193,2293,4,58.76.96.124,58.76,58.76.96,58.76.96.124,58.76.96.124,18.20.28,18.20.28,18.20.28,2000006718,4,True
1000000000000000000,999999999999993269,999999999999993271,999999999999993281,10,2,2,128,10000,4,29,179,2279,1,181,2281,6,6.10.12.70.88.108,6.10,6.10.12,6.10.12.70,6.10.12.70.88.108,4.2.58,4.2.58.18,4.2.58.18.20,2000006730,6,True
1000000000000000000,999999999999993173,999999999999993233,999999999999993269,36,4,60,128,10000,4,23,83,2183,23,143,2243,8,14.26.30.36.38.44.48.50,14.26,14.26.30,14.26.30.36,14.26.30.36.38.44.48.50,12.4.6,12.4.6.2,12.4.6.2.6.4.2,2000006768,8,True
1000000000000000000,999999999999993103,999999999999993119,999999999999993173,54,1,16,128,10000,4,13,13,2113,29,29,2129,1,54,54,54,54,54,,,,2000006882,1,True
1000000000000000000,999999999999993019,999999999999993023,999999999999993077,54,6,4,128,10000,4,19,139,2029,23,143,2033,8,6.14.30.38.48.54.80.96,6.14,6.14.30,6.14.30.38,6.14.30.38.48.54.80.96,8.16.8,8.16.8.10,8.16.8.10.6.26.16,2000006978,8,True
1000000000000000000,999999999999992939,999999999999992989,999999999999993011,22,1,50,128,10000,4,29,59,1949,19,109,1999,7,22.30.34.40.48.64.72,22.30,22.30.34,22.30.34.40,22.30.34.40.48.64.72,8.4.6,8.4.6.8,8.4.6.8.16.8,2000007012,7,True
1000000000000000000,999999999999992917,999999999999992921,999999999999992939,18,2,4,128,10000,8,7,37,1927,11,41,1931,8,2.18.68.90.98.102.108.116,2.18,2.18.68,2.18.68.90,2.18.68.90.98.102.108.116,16.50.22,16.50.22.8,16.50.22.8.4.6.8,2000007080,8,True
1000000000000000000,999999999999992617,999999999999992647,999999999999992681,34,3,30,128,10000,4,7,157,1627,7,187,1657,6,10.12.34.42.52.84,10.12,10.12.34,10.12.34.42,10.12.34.42.52.84,2.22.8,2.22.8.10,2.22.8.10.32,2000007354,6,True
1000000000000000000,999999999999992603,999999999999992611,999999999999992617,6,1,8,128,10000,4,23,143,1613,1,151,1621,8,6.36.46.48.70.78.88.120,6.36,6.36.46,6.36.46.48,6.36.46.48.70.78.88.120,30.10.2,30.10.2.22,30.10.2.22.8.10.32,2000007390,8,True
1000000000000000000,999999999999992581,999999999999992587,999999999999992603,16,1,6,128,10000,8,1,121,1591,7,127,1597,9,16.24.30.60.70.72.94.102.112,16.24,16.24.30,16.24.30.60,16.24.30.60.70.72.94.102,8.6.30,8.6.30.10,8.6.30.10.2.22.8.10,2000007414,9,True
1000000000000000000,999999999999992503,999999999999992507,999999999999992543,36,3,4,128,10000,4,13,43,1513,17,47,1517,10,24.26.36.54.60.74.80.96.104.110,24.26,24.26.36,24.26.36.54,24.26.36.54.60.74.80.96,2.10.18,2.10.18.6,2.10.18.6.14.6.16.8,2000007494,10,True
1000000000000000000,999999999999992473,999999999999992489,999999999999992503,14,1,16,128,10000,4,13,13,1483,29,29,1499,9,14.18.42.44.54.72.78.92.98,14.18,14.18.42,14.18.42.44,14.18.42.44.54.72.78.92,4.24.2,4.24.2.10,4.24.2.10.18.6.14.6,2000007512,9,True
1000000000000000000,999999999999992417,999999999999992419,999999999999992449,30,1,2,128,10000,8,17,167,1427,19,169,1429,8,30.54.70.84.88.112.114.124,30.54,30.54.70,30.54.70.84,30.54.70.84.88.112.114.124,24.16.14,24.16.14.4,24.16.14.4.24.2.10,2000007582,8,True
1000000000000000000,999999999999992333,999999999999992357,999999999999992417,60,4,24,128,10000,4,23,83,1343,17,107,1367,6,6.36.56.60.62.92,6.36,6.36.56,6.36.56.60,6.36.56.60.62.92,30.20.4,30.20.4.2,30.20.4.2.30,2000007644,6,True
1000000000000000000,999999999999992219,999999999999992261,999999999999992293,32,4,42,128,10000,4,29,179,1229,11,11,1271,6,8.18.30.32.50.72,8.18,8.18.30,8.18.30.32,8.18.30.32.50.72,10.12.2,10.12.2.18,10.12.2.18.22,2000007740,6,True
1000000000000000000,999999999999992177,999999999999992203,999999999999992207,4,1,26,128,10000,4,17,137,1187,13,163,1213,7,4.16.58.66.76.88.90,4.16,4.16.58,4.16.58.66,4.16.58.66.76.88.90,12.42.8,12.42.8.10,12.42.8.10.12.2,2000007798,7,True
1000000000000000000,999999999999992141,999999999999992161,999999999999992177,16,1,20,128,10000,4,11,101,1151,1,121,1171,6,16.42.46.58.100.108,16.42,16.42.46,16.42.46.58,16.42.46.58.100.108,26.4.12,26.4.12.42,26.4.12.42.8,2000007840,6,True
1000000000000000000,999999999999992099,999999999999992111,999999999999992141,30,2,12,128,10000,4,29,59,1109,11,71,1121,7,18.30.50.66.92.96.108,18.30,18.30.50,18.30.50.66,18.30.50.66.92.96.108,12.20.16,12.20.16.26,12.20.16.26.4.12,2000007890,7,True
1000000000000000000,999999999999992053,999999999999992077,999999999999992099,22,1,24,128,10000,4,13,13,1063,7,37,1087,6,22.34.52.64.84.100,22.34,22.34.52,22.34.52.64,22.34.52.64.84.100,12.18.12,12.18.12.20,12.18.12.20.16,2000007924,6,True
1000000000000000000,999999999999991997,999999999999992021,999999999999992053,32,1,24,128,10000,4,17,167,1007,11,191,1031,4,32.56.78.90,32.56,32.56.78,32.56.78.90,32.56.78.90,24.22.12,24.22.12,24.22.12,2000007980,4,True
1000000000000000000,999999999999991847,999999999999991891,999999999999991967,76,2,44,128,10000,4,17,17,857,1,61,901,2,40.76,40.76,40.76,40.76,40.76,36,36,36,2000008110,2,True
1000000000000000000,999999999999991841,999999999999991843,999999999999991847,4,1,2,128,10000,4,11,11,851,13,13,853,4,4.48.88.124,4.48,4.48.88,4.48.88.124,4.48.88.124,44.40.36,44.40.36,44.40.36,2000008158,4,True
1000000000000000000,999999999999991813,999999999999991831,999999999999991841,10,1,18,128,10000,4,13,193,823,1,1,841,5,10.12.16.60.100,10.12,10.12.16,10.12.16.60,10.12.16.60.100,2.4.44,2.4.44.40,2.4.44.40,2000008170,5,True
1000000000000000000,999999999999991769,999999999999991789,999999999999991813,24,2,20,128,10000,4,29,149,779,19,169,799,7,22.24.42.52.54.58.102,22.24,22.24.42,22.24.42.52,22.24.42.52.54.58.102,2.18.10,2.18.10.2,2.18.10.2.4.44,2000008212,7,True
1000000000000000000,999999999999991657,999999999999991699,999999999999991717,18,2,42,128,10000,4,7,37,667,19,79,709,4,4.18.22.70,4.18,4.18.22,4.18.22.70,4.18.22.70,14.4.48,14.4.48,14.4.48,2000008302,4,True
1000000000000000000,999999999999991597,999999999999991633,999999999999991657,24,1,36,128,10000,4,7,187,607,13,13,643,5,24.66.70.84.88,24.66,24.66.70,24.66.70.84,24.66.70.84.88,42.4.14,42.4.14.4,42.4.14.4,2000008368,5,True
1000000000000000000,999999999999991511,999999999999991513,999999999999991597,84,5,2,128,10000,4,11,101,521,13,103,523,6,54.64.70.76.84.120,54.64,54.64.70,54.64.70.76,54.64.70.76.84.120,10.6.6,10.6.6.8,10.6.6.8.36,2000008488,6,True
1000000000000000000,999999999999991493,999999999999991499,999999999999991511,12,1,6,128,10000,4,23,83,503,29,89,509,7,12.14.68.78.84.90.98,12.14,12.14.68,12.14.68.78,12.14.68.78.84.90.98,2.54.10,2.54.10.6,2.54.10.6.6.8,2000008502,7,True
1000000000000000000,999999999999991423,999999999999991433,999999999999991493,60,1,10,128,10000,4,13,13,433,23,23,443,4,60.66.78.80,60.66,60.66.78,60.66.78.80,60.66.78.80,6.12.2,6.12.2,6.12.2,2000008568,4,True
1000000000000000000,999999999999991271,999999999999991273,999999999999991391,118,4,2,128,10000,8,11,71,281,13,73,283,4,30.64.114.118,30.64,30.64.114,30.64.114.118,30.64.114.118,34.50.4,34.50.4,34.50.4,2000008728,4,True
1000000000000000000,999999999999991223,999999999999991241,999999999999991271,30,2,18,128,10000,8,23,23,233,11,41,251,5,20.30.32.62.96,20.30,20.30.32,20.30.32.62,20.30.32.62.96,10.2.30,10.2.30.34,10.2.30.34,2000008760,5,True
1000000000000000000,999999999999991189,999999999999991201,999999999999991223,22,2,12,128,10000,8,19,199,199,1,1,211,7,16.22.40.60.70.72.102,16.22,16.22.40,16.22.40.60,16.22.40.60.70.72.102,6.18.20,6.18.20.10,6.18.20.10.2.30,2000008800,7,True
1000000000000000000,999999999999991099,999999999999991139,999999999999991153,14,2,40,128,10000,4,19,109,109,29,149,149,6,8.14.50.62.78.84,8.14,8.14.50,8.14.50.62,8.14.50.62.78.84,6.36.12,6.36.12.16,6.36.12.16.6,2000008862,6,True
1000000000000000000,999999999999991079,999999999999991091,999999999999991099,8,2,12,128,10000,8,29,89,89,11,101,101,7,6.8.48.56.62.98.110,6.8,6.8.48,6.8.48.56,6.8.48.56.62.98.110,2.40.8,2.40.8.6,2.40.8.6.36.12,2000008910,7,True
1000000000000000000,999999999999991037,999999999999991051,999999999999991079,28,3,14,128,10000,4,17,47,47,1,61,61,9,6.10.28.40.46.48.88.96.102,6.10,6.10.28,6.10.28.40,6.10.28.40.46.48.88.96,4.18.12,4.18.12.6,4.18.12.6.2.40.8.6,2000008950,9,True
1000000000000000000,999999999999990961,999999999999990967,999999999999991037,70,2,6,128,10000,8,1,181,2281,7,187,2287,6,60.70.84.90.94.112,60.70,60.70.84,60.70.84.90,60.70.84.90.94.112,10.14.6,10.14.6.4,10.14.6.4.18,2000009034,6,True
1000000000000000000,999999999999990877,999999999999990881,999999999999990961,80,3,4,128,10000,4,7,97,2197,11,101,2201,4,56.78.80.86,56.78,56.78.80,56.78.80.86,56.78.80.86,22.2.6,22.2.6,22.2.6,2000009120,4,True
1000000000000000000,999999999999990713,999999999999990739,999999999999990833,94,7,26,128,10000,8,23,143,2033,19,169,2059,7,18.24.40.60.78.88.94,18.24,18.24.40,18.24.40.60,18.24.40.60.78.88.94,6.16.20,6.16.20.18,6.16.20.18.10.6,2000009262,7,True
1000000000000000000,999999999999990593,999999999999990617,999999999999990623,6,1,24,128,10000,8,23,23,1913,17,47,1937,2,6.96,6.96,6.96,6.96,6.96,90,90,90,2000009384,2,True
1000000000000000000,999999999999990551,999999999999990553,999999999999990593,40,3,2,128,10000,4,11,191,1871,13,193,1873,5,18.36.40.64.70,18.36,18.36.40,18.36.40.64,18.36.40.64.70,18.4.24,18.4.24.6,18.4.24.6,2000009448,5,True
1000000000000000000,999999999999990323,999999999999990359,999999999999990401,42,5,36,128,10000,4,23,173,1643,29,209,1679,7,2.14.24.32.42.60.74,2.14,2.14.24,2.14.24.32,2.14.24.32.42.60.74,12.10.8,12.10.8.10,12.10.8.10.18.14,2000009642,7,True
1000000000000000000,999999999999990203,999999999999990217,999999999999990323,106,8,14,128,10000,4,23,53,1523,7,67,1537,8,12.30.60.70.76.82.96.106,12.30,12.30.60,12.30.60.70,12.30.60.70.76.82.96.106,18.30.10,18.30.10.6,18.30.10.6.6.14.10,2000009784,8,True
1000000000000000000,999999999999990151,999999999999990163,999999999999990169,6,1,12,128,10000,4,1,1,1471,13,13,1483,6,6.40.54.66.84.114,6.40,6.40.54,6.40.54.66,6.40.54.66.84.114,34.14.12,34.14.12.18,34.14.12.18.30,2000009838,6,True
1000000000000000000,999999999999990113,999999999999990133,999999999999990151,18,1,20,128,10000,4,23,173,1433,13,193,1453,6,18.30.36.70.84.96,18.30,18.30.36,18.30.36.70,18.30.36.70.84.96,12.6.34,12.6.34.14,12.6.34.14.12,2000009868,6,True
1000000000000000000,999999999999990071,999999999999990097,999999999999990107,10,1,26,128,10000,8,11,131,1391,7,157,1417,7,10.12.16.36.54.66.72,10.12,10.12.16,10.12.16.36,10.12.16.36.54.66.72,2.4.20,2.4.20.18,2.4.20.18.12.6,2000009904,7,True
1000000000000000000,999999999999989969,999999999999989983,999999999999989999,16,1,14,128,10000,4,29,29,1289,13,43,1303,4,16.46.88.114,16.46,16.46.88,16.46.88.114,16.46.88.114,30.42.26,30.42.26,30.42.26,2000010018,4,True
1000000000000000000,999999999999989951,999999999999989957,999999999999989969,12,1,6,128,10000,4,11,11,1271,17,17,1277,5,12.26.42.72.114,12.26,12.26.42,12.26.42.72,12.26.42.72.114,14.16.30,14.16.30.42,14.16.30.42,2000010044,5,True
1000000000000000000,999999999999989893,999999999999989927,999999999999989951,24,1,34,128,10000,4,13,163,1213,17,197,1247,5,24.30.42.56.72,24.30,24.30.42,24.30.42.56,24.30.42.56.72,6.12.14,6.12.14.16,6.12.14.16,2000010074,5,True
1000000000000000000,999999999999989867,999999999999989881,999999999999989893,12,1,14,128,10000,4,17,137,1187,1,151,1201,6,12.46.70.76.88.102,12.46,12.46.70,12.46.70.76,12.46.70.76.88.102,34.24.6,34.24.6.12,34.24.6.12.14,2000010120,6,True
1000000000000000000,999999999999989759,999999999999989789,999999999999989801,12,2,30,128,10000,4,29,29,1079,29,59,1109,6,8.12.14.54.78.92,8.12,8.12.14,8.12.14.54,8.12.14.54.78.92,4.2.40,4.2.40.24,4.2.40.24.14,2000010212,6,True
